{"type":"FeatureCollection","features":[{"type":"Feature","id":"contours_iris.370","geometry":{"type":"MultiPolygon","coordinates":[[[[-1.49390104,43.49812375],[-1.49504313,43.49380038],[-1.49600474,43.49185363],[-1.49601246,43.4918416],[-1.49668165,43.49068197],[-1.49775693,43.48838625],[-1.4978574,43.48830999],[-1.49984951,43.48885537],[-1.49850712,43.49064764],[-1.49842198,43.49071426],[-1.49822292,43.4907802],[-1.49824592,43.4909],[-1.4983653,43.49098606],[-1.49836415,43.49106631],[-1.49796451,43.49225351],[-1.49915084,43.49246558],[-1.49976441,43.49242929],[-1.49965553,43.49288799],[-1.49927832,43.4938715],[-1.49836576,43.49389948],[-1.49740011,43.49397652],[-1.49761571,43.49521207],[-1.49775479,43.49708251],[-1.49688089,43.49730442],[-1.49675302,43.49729982],[-1.49480725,43.49793476],[-1.49392098,43.49815716],[-1.49390104,43.49812375]]]]},"geometry_name":"geometrie","properties":{"cleabs":"IRIS____0000000640240115","code_insee":"64024","nom_commune":"Anglet","iris":"0115","code_iris":"640240115","nom_iris":"Pontots","type_iris":"A"}},{"type":"Feature","id":"contours_iris.604","geometry":{"type":"MultiPolygon","coordinates":[[[[-1.49600474,43.49185363],[-1.49504313,43.49380038],[-1.49390104,43.49812375],[-1.49356702,43.49910725],[-1.49292731,43.4998547],[-1.49225538,43.50096575],[-1.49121304,43.50033309],[-1.48956421,43.499448],[-1.49092949,43.49794236],[-1.49127004,43.49734249],[-1.49115521,43.49622261],[-1.49156818,43.49460234],[-1.49139479,43.49418959],[-1.49130912,43.49383808],[-1.49104199,43.49279661],[-1.49029809,43.48936162],[-1.49019953,43.48794278],[-1.49011538,43.48762636],[-1.48949411,43.4861544],[-1.49025922,43.4859677],[-1.4904336,43.48652008],[-1.49075527,43.48713575],[-1.4912027,43.4877453],[-1.49129642,43.48800996],[-1.49151607,43.48806483],[-1.49161118,43.48815731],[-1.49164113,43.4883345],[-1.49158379,43.48842429],[-1.49197957,43.48875302],[-1.49318593,43.49009257],[-1.49360226,43.49039882],[-1.49567717,43.49162211],[-1.49600474,43.49185363]]]]},"geometry_name":"geometrie","properties":{"cleabs":"IRIS____0000000641020703","code_insee":"64102","nom_commune":"Bayonne","iris":"0703","code_iris":"641020703","nom_iris":"Forum Pontots","type_iris":"A"}},{"type":"Feature","id":"contours_iris.658","geometry":{"type":"MultiPolygon","coordinates":[[[[-1.44842328,43.4856409],[-1.45314588,43.48503326],[-1.45558107,43.48506019],[-1.45730773,43.48547757],[-1.46107721,43.48700392],[-1.46371333,43.48912113],[-1.46308838,43.48958392],[-1.46249534,43.49009136],[-1.46208655,43.49054885],[-1.46159918,43.49044096],[-1.46097096,43.49044791],[-1.46064442,43.49051452],[-1.46028571,43.49066085],[-1.46018424,43.49074073],[-1.45986724,43.49112144],[-1.45861272,43.49351962],[-1.45802567,43.49373842],[-1.45772354,43.49376887],[-1.45767516,43.49341672],[-1.45758765,43.49327794],[-1.45553035,43.49200005],[-1.45515438,43.49179654],[-1.45483075,43.49167738],[-1.4539131,43.49151146],[-1.45389302,43.4916835],[-1.45289281,43.49394859],[-1.45228953,43.49397429],[-1.45144177,43.49386404],[-1.45082247,43.49368312],[-1.44997373,43.49325661],[-1.44936899,43.4930877],[-1.44963561,43.4922315],[-1.44976901,43.49154116],[-1.4498381,43.49077147],[-1.44981218,43.49024537],[-1.44960497,43.48924823],[-1.44842328,43.4856409]]]]},"geometry_name":"geometrie","properties":{"cleabs":"IRIS____0000000641021003","code_insee":"64102","nom_commune":"Bayonne","iris":"1003","code_iris":"641021003","nom_iris":"Saint-Frédéric","type_iris":"A"}},{"type":"Feature","id":"contours_iris.1525","geometry":{"type":"MultiPolygon","coordinates":[[[[-1.66371549,43.38477737],[-1.66412539,43.38580958],[-1.66537067,43.38711667],[-1.66719494,43.38651256],[-1.66808572,43.38678502],[-1.66885624,43.38714378],[-1.66918667,43.38753055],[-1.66953988,43.38755856],[-1.66996837,43.38802671],[-1.67024527,43.38839325],[-1.66944333,43.38825665],[-1.66903236,43.38776071],[-1.66861872,43.38770377],[-1.66903348,43.3885357],[-1.6689854,43.38856751],[-1.66897118,43.38852937],[-1.66856808,43.38782582],[-1.66748055,43.38802236],[-1.66673033,43.38832509],[-1.66511493,43.38931131],[-1.66331486,43.3901847],[-1.66235499,43.39076771],[-1.66093504,43.39215458],[-1.66057817,43.39289001],[-1.6600535,43.3927441],[-1.65963885,43.39278179],[-1.6592293,43.39076183],[-1.65909769,43.39038809],[-1.65895048,43.39012678],[-1.65877726,43.38984946],[-1.65835208,43.38949739],[-1.6579941,43.38907482],[-1.65825868,43.38831363],[-1.65841426,43.3880528],[-1.65856643,43.38732258],[-1.65854608,43.38713241],[-1.65867527,43.38703402],[-1.65867081,43.38690263],[-1.65850202,43.38684772],[-1.65809206,43.38689692],[-1.65668552,43.38738106],[-1.65657878,43.38722254],[-1.66371549,43.38477737]]]]},"geometry_name":"geometrie","properties":{"cleabs":"IRIS____0000000644830101","code_insee":"64483","nom_commune":"Saint-Jean-de-Luz","iris":"0101","code_iris":"644830101","nom_iris":"Centre Ville","type_iris":"H"}},{"type":"Feature","id":"contours_iris.1585","geometry":{"type":"MultiPolygon","coordinates":[[[[-1.78752098,43.35180236],[-1.78922644,43.35462074],[-1.78936815,43.35507681],[-1.78936658,43.35550317],[-1.78903194,43.35627596],[-1.78858819,43.35679132],[-1.78291121,43.36203387],[-1.78287964,43.36241199],[-1.78301496,43.36264304],[-1.78348508,43.36296381],[-1.78619206,43.3633559],[-1.78687914,43.36353728],[-1.78774807,43.3639296],[-1.78839817,43.36436405],[-1.78950727,43.36541537],[-1.79062178,43.36682784],[-1.79183904,43.36914694],[-1.79235095,43.37060594],[-1.79201386,43.37281819],[-1.78875168,43.3783785],[-1.78688547,43.37795732],[-1.78774445,43.37684677],[-1.78882809,43.37413101],[-1.78614337,43.37332969],[-1.78542877,43.37321983],[-1.784284,43.37316685],[-1.78348014,43.37300864],[-1.77733739,43.37287559],[-1.77557084,43.37308612],[-1.77477742,43.37320228],[-1.77469534,43.37340419],[-1.77427979,43.37345859],[-1.77429657,43.37351192],[-1.77374338,43.37354536],[-1.77371205,43.37346563],[-1.77346064,43.37341364],[-1.77144031,43.37378222],[-1.76685265,43.3747777],[-1.76468335,43.3752879],[-1.76434828,43.37546399],[-1.76330794,43.37579193],[-1.76267391,43.37559544],[-1.76230798,43.3755629],[-1.76169572,43.37542043],[-1.76110317,43.3751428],[-1.7608846,43.37496496],[-1.76060038,43.3746359],[-1.76029006,43.37397633],[-1.7601384,43.37383069],[-1.75992791,43.37370567],[-1.76039206,43.37326796],[-1.7607485,43.37275297],[-1.76143451,43.37227934],[-1.76216361,43.37190835],[-1.7632009,43.3711714],[-1.76355426,43.3709927],[-1.763562,43.3709518],[-1.76363332,43.37094776],[-1.76423689,43.37034436],[-1.76435657,43.37026788],[-1.7645417,43.37022097],[-1.76468165,43.37007601],[-1.76480745,43.36968563],[-1.76492632,43.36956954],[-1.7648905,43.36948009],[-1.7649271,43.36942981],[-1.76507026,43.36939826],[-1.76513369,43.36919449],[-1.76545353,43.36873066],[-1.76576316,43.36809875],[-1.76548194,43.36804446],[-1.76566352,43.36737313],[-1.76573408,43.36665893],[-1.76563145,43.36430127],[-1.76580466,43.36337977],[-1.76628236,43.36185452],[-1.76674359,43.36098069],[-1.76707158,43.36052642],[-1.76754148,43.36001091],[-1.768394,43.35929827],[-1.76930916,43.35873066],[-1.76984566,43.35845283],[-1.77052659,43.35817403],[-1.77154799,43.35786037],[-1.77441472,43.35732371],[-1.77578729,43.35707471],[-1.77630236,43.35703032],[-1.77626922,43.3568245],[-1.77661783,43.35670905],[-1.77696383,43.35650269],[-1.77786514,43.35568056],[-1.78156528,43.35274917],[-1.7820086,43.35248081],[-1.78282432,43.3517895],[-1.7839164,43.35106523],[-1.78436938,43.35067566],[-1.78541477,43.34991017],[-1.78713149,43.35136628],[-1.78752098,43.35180236]]]]},"geometry_name":"geometrie","properties":{"cleabs":"IRIS____0000000642600101","code_insee":"64260","nom_commune":"Hendaye","iris":"0101","code_iris":"642600101","nom_iris":"Centre Ville-La Plage","type_iris":"H"}},{"type":"Feature","id":"contours_iris.1637","geometry":{"type":"MultiPolygon","coordinates":[[[[-1.54734244,43.49263622],[-1.54781153,43.4929013],[-1.54839353,43.49285705],[-1.54865218,43.49307509],[-1.54752375,43.49365957],[-1.54669699,43.49441162],[-1.54583053,43.49550687],[-1.54489767,43.49715553],[-1.54439996,43.49763962],[-1.54433583,43.4982371],[-1.54310056,43.49999215],[-1.54450051,43.50047416],[-1.54451924,43.50055448],[-1.54441317,43.50062202],[-1.54423544,43.50056639],[-1.54308086,43.50005606],[-1.54152914,43.50236598],[-1.54134816,43.50277009],[-1.5413629,43.50306596],[-1.54222829,43.50336313],[-1.54246391,43.50352448],[-1.54231796,43.50355764],[-1.54132065,43.50315785],[-1.54095661,43.50309471],[-1.54058881,43.50315608],[-1.54026687,43.50339036],[-1.53935025,43.50476253],[-1.53880907,43.5059198],[-1.53894917,43.50620411],[-1.5396397,43.50648159],[-1.53954524,43.50653962],[-1.53912096,43.50634111],[-1.53902166,43.50638492],[-1.53771172,43.50838996],[-1.53691125,43.50943191],[-1.53358082,43.51319859],[-1.53045057,43.51652602],[-1.52811261,43.51968147],[-1.5265603,43.52212366],[-1.52597771,43.52348356],[-1.52593562,43.52409633],[-1.52606767,43.52451438],[-1.52929417,43.52537994],[-1.52940143,43.5254836],[-1.52934296,43.52568431],[-1.52911195,43.52573902],[-1.52883541,43.52568749],[-1.52847204,43.52547737],[-1.52716158,43.52503645],[-1.52566526,43.52459426],[-1.52548173,43.52462265],[-1.52495125,43.52505755],[-1.52438148,43.5259681],[-1.52412248,43.52676746],[-1.52411992,43.52742634],[-1.5241876,43.52753076],[-1.52635588,43.5278548],[-1.52640779,43.52804188],[-1.52627554,43.52809246],[-1.52440746,43.52779014],[-1.52396158,43.52813588],[-1.52370823,43.52867726],[-1.52449418,43.52890581],[-1.52445117,43.52898871],[-1.52234521,43.52835563],[-1.52184993,43.52788604],[-1.52142932,43.52779814],[-1.52149843,43.52798361],[-1.52116524,43.52881669],[-1.51905206,43.52853171],[-1.51310849,43.52801691],[-1.51304555,43.5275473],[-1.51304449,43.52647854],[-1.51401446,43.52619753],[-1.51422469,43.5260518],[-1.51425035,43.52590564],[-1.51524397,43.52414659],[-1.51626882,43.52106959],[-1.51637928,43.52058465],[-1.51637061,43.52022274],[-1.5159409,43.51849144],[-1.51569157,43.51732127],[-1.5156847,43.5166673],[-1.5157392,43.51627392],[-1.51594143,43.51568062],[-1.51604287,43.51563224],[-1.51596902,43.51554339],[-1.51684018,43.5129234],[-1.51706102,43.51240953],[-1.5173059,43.51209112],[-1.51846119,43.51110032],[-1.51856641,43.51111576],[-1.51861982,43.51105496],[-1.5186031,43.51099978],[-1.51869377,43.51092481],[-1.52022606,43.50975335],[-1.52171734,43.50869083],[-1.52222801,43.50825768],[-1.52389438,43.50657411],[-1.52468136,43.50540576],[-1.52488339,43.50517293],[-1.52621436,43.50421526],[-1.52750081,43.50153186],[-1.52768527,43.50151605],[-1.5277961,43.50139877],[-1.52835367,43.50109069],[-1.5285576,43.50102359],[-1.53002633,43.50104511],[-1.5311123,43.50093842],[-1.53237684,43.50074134],[-1.53415851,43.50072809],[-1.53455003,43.50059094],[-1.53520587,43.50025799],[-1.53607622,43.50013324],[-1.53620822,43.50006463],[-1.53660128,43.49971203],[-1.53725111,43.49960101],[-1.5373476,43.4995375],[-1.53767919,43.49909645],[-1.53782182,43.49900576],[-1.5382056,43.49888064],[-1.53868296,43.49852991],[-1.5385833,43.49755089],[-1.53848947,43.49713126],[-1.53827017,43.49670608],[-1.53814896,43.49667601],[-1.53813251,43.49657757],[-1.53798646,43.4965152],[-1.53816913,43.49643004],[-1.53828483,43.49642159],[-1.53840111,43.49645187],[-1.53853685,43.49655613],[-1.54388793,43.49442312],[-1.54688355,43.49284383],[-1.54734244,43.49263622]]]]},"geometry_name":"geometrie","properties":{"cleabs":"IRIS____0000000640240101","code_insee":"64024","nom_commune":"Anglet","iris":"0101","code_iris":"640240101","nom_iris":"Chiberta","type_iris":"H"}},{"type":"Feature","id":"contours_iris.1678","geometry":{"type":"MultiPolygon","coordinates":[[[[-1.48823503,43.53370864],[-1.48630063,43.53605877],[-1.48525651,43.5366625],[-1.48302496,43.53747934],[-1.48225062,43.53785831],[-1.48098371,43.53868749],[-1.47912054,43.53916279],[-1.47821218,43.53976174],[-1.47820902,43.53967356],[-1.47797694,43.53955698],[-1.47761092,43.53947026],[-1.47732192,43.53952906],[-1.47696897,43.53949857],[-1.47637565,43.53927705],[-1.47575969,43.53866985],[-1.47582928,43.53843448],[-1.47563509,43.53827938],[-1.4753683,43.53773347],[-1.47496871,43.53740661],[-1.4747781,43.53734509],[-1.47421955,43.53744204],[-1.4739263,43.53741449],[-1.47369395,43.53694465],[-1.47362859,43.53656705],[-1.47370211,43.53620716],[-1.47361336,43.53600625],[-1.47383561,43.53564743],[-1.47373957,43.53543241],[-1.47361397,43.53539434],[-1.47365393,43.53528725],[-1.47389388,43.53523499],[-1.47394771,43.53487681],[-1.47383475,43.53481028],[-1.47361811,43.53489131],[-1.47327953,43.53482237],[-1.47274669,43.53450191],[-1.47249327,43.53444478],[-1.47235337,43.53420724],[-1.47174095,43.53383508],[-1.47138298,43.53377145],[-1.47109934,43.5341373],[-1.47041392,43.53370237],[-1.46957996,43.53355471],[-1.46936468,43.53386007],[-1.46896665,43.53393415],[-1.46878823,43.53429927],[-1.46854525,43.53434443],[-1.46816442,43.53422585],[-1.46792025,43.53388987],[-1.46775282,43.53380755],[-1.46746295,43.5338231],[-1.46724796,43.53400498],[-1.466368,43.53374385],[-1.46613996,43.53358293],[-1.46575173,43.53351241],[-1.46544326,43.53357558],[-1.46539425,43.53345504],[-1.46528648,43.53345497],[-1.46493217,43.53359753],[-1.46480947,43.53351697],[-1.46492008,43.5333466],[-1.46448613,43.53324552],[-1.4644855,43.53309415],[-1.46329839,43.53288079],[-1.46191513,43.53272505],[-1.46194026,43.53314396],[-1.46096932,43.53312985],[-1.46098703,43.5323379],[-1.4612332,43.53142571],[-1.4616619,43.53066281],[-1.46232046,43.52981385],[-1.46358408,43.52820913],[-1.46396206,43.52708154],[-1.46410371,43.52718295],[-1.46412625,43.52726582],[-1.46456883,43.52743053],[-1.46523971,43.52780752],[-1.46553722,43.52792233],[-1.46612296,43.52795317],[-1.46825748,43.5279283],[-1.46835881,43.527989],[-1.46845296,43.52797341],[-1.46847409,43.52792658],[-1.46977756,43.52790168],[-1.47172144,43.527735],[-1.47248967,43.52773936],[-1.47284756,43.52777055],[-1.47346491,43.5279208],[-1.47433828,43.52805057],[-1.4758072,43.52836843],[-1.4766913,43.52850855],[-1.47881261,43.52877419],[-1.47911828,43.52878679],[-1.47917334,43.52877821],[-1.47919962,43.52870232],[-1.47932795,43.52869612],[-1.47937755,43.52874454],[-1.47935795,43.52879491],[-1.48006512,43.52890537],[-1.48160695,43.52902999],[-1.48199625,43.52897154],[-1.48303724,43.52867797],[-1.48412816,43.52850038],[-1.48446207,43.52835139],[-1.48465548,43.52860743],[-1.4849969,43.52882401],[-1.48548024,43.52930326],[-1.48555507,43.52945246],[-1.48541364,43.52949706],[-1.48510393,43.5294486],[-1.48502543,43.53039357],[-1.48482424,43.53135353],[-1.48695619,43.53176908],[-1.48665115,43.53230348],[-1.48658163,43.53266593],[-1.48663922,43.53302221],[-1.48657344,43.53328988],[-1.48823503,43.53370864]]]]},"geometry_name":"geometrie","properties":{"cleabs":"IRIS____0000000641400101","code_insee":"64140","nom_commune":"Boucau","iris":"0101","code_iris":"641400101","nom_iris":"Couronne Boisée","type_iris":"H"}},{"type":"Feature","id":"contours_iris.1748","geometry":{"type":"MultiPolygon","coordinates":[[[[-1.33545526,43.43405276],[-1.335167,43.43400123],[-1.33493931,43.43408063],[-1.33457851,43.43464109],[-1.33417591,43.43481128],[-1.33366455,43.43467048],[-1.33344786,43.43469897],[-1.33333294,43.43486396],[-1.33322496,43.43485837],[-1.33309343,43.43522944],[-1.33293593,43.43538712],[-1.33245795,43.4353612],[-1.33241742,43.43503665],[-1.33219824,43.43485171],[-1.33160518,43.4351034],[-1.33092387,43.43495496],[-1.33046933,43.43476411],[-1.33007635,43.43473388],[-1.32930449,43.43482783],[-1.32885529,43.43472415],[-1.32848686,43.43480646],[-1.32800605,43.43459503],[-1.32763478,43.43493514],[-1.32726762,43.43554358],[-1.32701068,43.43561242],[-1.32655751,43.43557107],[-1.32553128,43.43568596],[-1.32518037,43.43555762],[-1.32441817,43.43556645],[-1.32393633,43.43537396],[-1.32367802,43.43557259],[-1.32352308,43.43500844],[-1.3226776,43.43509356],[-1.32210086,43.43482287],[-1.32164772,43.43483105],[-1.32158427,43.43448039],[-1.32122828,43.4343171],[-1.31964783,43.43470724],[-1.3191729,43.43384952],[-1.3187588,43.43335697],[-1.31769454,43.4340022],[-1.31731075,43.43402832],[-1.31622074,43.43441327],[-1.31524838,43.43448808],[-1.31145755,43.43570682],[-1.30962215,43.43573215],[-1.30747351,43.43634566],[-1.3043859,43.43652344],[-1.30336478,43.4368064],[-1.30138896,43.43712009],[-1.2996691,43.43758305],[-1.29547515,43.43796398],[-1.29445517,43.43776659],[-1.29385108,43.43740943],[-1.29193545,43.43680785],[-1.29100561,43.43675732],[-1.28633492,43.44056073],[-1.28348543,43.44260973],[-1.28224151,43.44363922],[-1.27995153,43.44437127],[-1.2786934,43.44441379],[-1.27627786,43.44495522],[-1.27558857,43.44543023],[-1.27494551,43.44622777],[-1.273986,43.44578002],[-1.27359651,43.44514848],[-1.27305448,43.44459415],[-1.27282552,43.444159],[-1.27164573,43.44367488],[-1.27048586,43.44352512],[-1.26979065,43.44357146],[-1.26886758,43.44344659],[-1.2687553,43.44321676],[-1.2679348,43.44369059],[-1.26784754,43.44383098],[-1.26729994,43.44366696],[-1.26677382,43.44324261],[-1.26701242,43.44274217],[-1.2668267,43.44245578],[-1.26694898,43.44213742],[-1.26689578,43.4418539],[-1.26627216,43.44149827],[-1.26610899,43.44083257],[-1.26174896,43.44072949],[-1.2617402,43.44079471],[-1.26159715,43.44078322],[-1.26160132,43.44072269],[-1.26129473,43.44070683],[-1.26057462,43.43994952],[-1.26011399,43.43962348],[-1.25875704,43.43909845],[-1.25846254,43.43891182],[-1.25611386,43.43871857],[-1.25496954,43.43906088],[-1.25407599,43.43986812],[-1.25345472,43.44016102],[-1.25194196,43.44016999],[-1.25152404,43.4402702],[-1.25132402,43.44040779],[-1.25084215,43.4400447],[-1.25044825,43.44011873],[-1.24966495,43.44012696],[-1.24915652,43.43997303],[-1.24903328,43.43981119],[-1.24905401,43.43913825],[-1.24860469,43.43889731],[-1.24793421,43.43875874],[-1.24784596,43.43833425],[-1.24741583,43.43803489],[-1.24745474,43.43782524],[-1.24771291,43.43765474],[-1.24854618,43.43755357],[-1.24936252,43.43680526],[-1.24933316,43.43655865],[-1.24870419,43.43651306],[-1.24849595,43.43638879],[-1.24843672,43.43623975],[-1.24894607,43.43618913],[-1.24918622,43.43607609],[-1.24916552,43.43584626],[-1.24880822,43.43574586],[-1.24898053,43.43526699],[-1.24930292,43.43497864],[-1.24995179,43.4347919],[-1.25023149,43.43492958],[-1.25056224,43.43475442],[-1.25086166,43.43474086],[-1.2510554,43.43507021],[-1.25137895,43.43531608],[-1.25124137,43.4355287],[-1.25158715,43.43579082],[-1.25298667,43.43650887],[-1.25408443,43.43675765],[-1.25490394,43.43673806],[-1.25584394,43.43639207],[-1.25684722,43.43613279],[-1.2581692,43.43593664],[-1.25867237,43.43556908],[-1.25879731,43.43558668],[-1.25924697,43.43516446],[-1.26072839,43.43420069],[-1.26076795,43.4339838],[-1.26157072,43.43320529],[-1.26258886,43.43271382],[-1.26353491,43.43203417],[-1.26486552,43.43057264],[-1.26527521,43.42959606],[-1.26539054,43.4294843],[-1.26626503,43.42910747],[-1.26743096,43.42802719],[-1.26786801,43.42778652],[-1.26925908,43.42740821],[-1.26968872,43.42713449],[-1.27123304,43.4268393],[-1.27177523,43.42649986],[-1.27268912,43.42534028],[-1.27287297,43.42468703],[-1.27357205,43.42394766],[-1.27393939,43.42325202],[-1.27451627,43.42274812],[-1.27484725,43.42226204],[-1.27502293,43.42153252],[-1.27496885,43.42127067],[-1.27471202,43.42087538],[-1.27474567,43.41946584],[-1.27523266,43.41835193],[-1.27546915,43.41804166],[-1.27561025,43.41756218],[-1.27504172,43.41581694],[-1.27504524,43.41558165],[-1.27578462,43.41430551],[-1.2761625,43.41396893],[-1.27662238,43.41370479],[-1.27733659,43.41302156],[-1.27758076,43.41223348],[-1.27751092,43.41092894],[-1.27766863,43.41044069],[-1.27899868,43.40831859],[-1.28014593,43.40759388],[-1.28106884,43.40719248],[-1.28197852,43.40631498],[-1.28354159,43.40450434],[-1.28366698,43.40378221],[-1.28430097,43.40273812],[-1.28471483,43.40233882],[-1.28580803,43.40092426],[-1.28685614,43.39999979],[-1.28716993,43.39958462],[-1.28806874,43.39732092],[-1.28822006,43.39601934],[-1.28873822,43.39523028],[-1.28838154,43.39515252],[-1.28800247,43.39495673],[-1.28793348,43.39479368],[-1.28803529,43.39430313],[-1.28750388,43.393953],[-1.28604334,43.39366851],[-1.28559003,43.39371981],[-1.28503993,43.39346681],[-1.28347685,43.39361341],[-1.28256915,43.39355204],[-1.2811152,43.39370419],[-1.27858195,43.39419543],[-1.27739774,43.39430353],[-1.27569733,43.39371666],[-1.27544296,43.39350238],[-1.27484673,43.39342594],[-1.27419589,43.39294712],[-1.27398835,43.39243187],[-1.27439954,43.39123178],[-1.27379887,43.39021401],[-1.27410197,43.39005338],[-1.27418935,43.3898328],[-1.27369891,43.38945036],[-1.27378236,43.38899388],[-1.27367835,43.38874122],[-1.27328266,43.38837035],[-1.27254395,43.38793825],[-1.27242145,43.3877692],[-1.27303624,43.38683226],[-1.27405505,43.38617937],[-1.27407605,43.38592988],[-1.27377555,43.38570931],[-1.27262596,43.38558264],[-1.27245871,43.38534329],[-1.2723158,43.3848327],[-1.27187581,43.38421401],[-1.27072713,43.38335032],[-1.27065916,43.38308363],[-1.27074188,43.38280017],[-1.27094237,43.38275531],[-1.27152301,43.38312249],[-1.27173552,43.38315644],[-1.27291266,43.38265677],[-1.27328809,43.38235634],[-1.27377921,43.38155131],[-1.27358385,43.38015176],[-1.27365279,43.37976614],[-1.27460827,43.3784121],[-1.27469811,43.37810854],[-1.27463143,43.37784269],[-1.2743719,43.37757456],[-1.27376394,43.37727155],[-1.27352256,43.37721442],[-1.27320863,43.37727817],[-1.27172304,43.37839637],[-1.27139383,43.37900309],[-1.27078092,43.37931559],[-1.27054613,43.37928072],[-1.27019159,43.37883074],[-1.26924514,43.37821042],[-1.26915246,43.37799335],[-1.26917597,43.37741131],[-1.26898147,43.37717033],[-1.2676194,43.37672407],[-1.26733237,43.37633448],[-1.26678793,43.3759046],[-1.26636321,43.37537359],[-1.2651527,43.37467176],[-1.26448694,43.37453765],[-1.26446195,43.37431701],[-1.26459677,43.37405312],[-1.26546375,43.3729198],[-1.26668638,43.37285264],[-1.26684875,43.37347689],[-1.26715674,43.37346654],[-1.26766371,43.37367447],[-1.26828389,43.37374369],[-1.26850525,43.37333133],[-1.26906379,43.37340208],[-1.26946999,43.37298423],[-1.26971996,43.37284102],[-1.27003821,43.37202032],[-1.27098816,43.37045932],[-1.27198126,43.36962998],[-1.27282003,43.36976621],[-1.27322416,43.36922139],[-1.27388853,43.36948704],[-1.27416538,43.3700554],[-1.27429552,43.37014485],[-1.27462875,43.37009204],[-1.27501177,43.36974535],[-1.27555258,43.36951135],[-1.2758597,43.36922352],[-1.27601726,43.36883439],[-1.27566978,43.36846253],[-1.27571744,43.36813991],[-1.27651242,43.36742106],[-1.27743512,43.36739087],[-1.27807087,43.36752068],[-1.27904633,43.36751902],[-1.28233139,43.36830162],[-1.28308392,43.36819163],[-1.28389107,43.36818488],[-1.28709694,43.36732265],[-1.28733454,43.36721323],[-1.28779245,43.36672929],[-1.28794131,43.36667203],[-1.28812767,43.36668716],[-1.28854587,43.36689671],[-1.28881091,43.36723847],[-1.28917695,43.36726179],[-1.2904435,43.36692414],[-1.29121038,43.36662613],[-1.2916375,43.3663425],[-1.29184166,43.36578482],[-1.29187,43.36507195],[-1.29201747,43.3644994],[-1.29253505,43.36448516],[-1.29269555,43.36455086],[-1.29353231,43.36472666],[-1.29359654,43.36485925],[-1.29357231,43.36504761],[-1.2934194,43.36529874],[-1.29371184,43.36531235],[-1.29407108,43.36557557],[-1.29421992,43.36574985],[-1.29451897,43.36636503],[-1.29415776,43.3664064],[-1.29398979,43.36648876],[-1.2939937,43.36665708],[-1.29408748,43.36678849],[-1.29441868,43.36713932],[-1.29452584,43.36720174],[-1.29553453,43.36743015],[-1.29553651,43.36747332],[-1.29506227,43.36780388],[-1.29494169,43.3680249],[-1.2950583,43.36803198],[-1.29554707,43.36791256],[-1.29591068,43.36791974],[-1.29586972,43.36799974],[-1.29549426,43.36828044],[-1.29533126,43.36864459],[-1.29542666,43.36869846],[-1.2956145,43.36865046],[-1.29588565,43.36942081],[-1.29578692,43.36943824],[-1.29574101,43.36976621],[-1.29611476,43.36985947],[-1.29613649,43.37010097],[-1.29586039,43.37038943],[-1.29587555,43.37095642],[-1.29540265,43.37110675],[-1.29641051,43.37152169],[-1.29657159,43.37093327],[-1.29709608,43.37114307],[-1.29723114,43.37126474],[-1.29728902,43.37139488],[-1.29729504,43.37185593],[-1.29744053,43.37205106],[-1.29759511,43.37215303],[-1.29784767,43.3722439],[-1.29885586,43.37236509],[-1.29912781,43.37248402],[-1.29950971,43.37291751],[-1.30048393,43.37433561],[-1.3006705,43.37446874],[-1.30103801,43.37464332],[-1.30129233,43.37495575],[-1.3014004,43.37521182],[-1.30159192,43.37620427],[-1.30154024,43.3763721],[-1.30259636,43.37667064],[-1.30337659,43.37797031],[-1.30407684,43.37793614],[-1.30552358,43.37807316],[-1.30792744,43.37766389],[-1.30822166,43.37794769],[-1.30834208,43.37798884],[-1.30844266,43.37792987],[-1.30847386,43.37781871],[-1.30835969,43.37738269],[-1.30844635,43.37723689],[-1.30874658,43.37715555],[-1.3091321,43.37714109],[-1.30962382,43.37720889],[-1.309959,43.37729734],[-1.31020772,43.37741897],[-1.31133676,43.37827763],[-1.31162487,43.37843012],[-1.31164418,43.3784735],[-1.31157119,43.37852146],[-1.31121555,43.37848968],[-1.31062933,43.37798509],[-1.31002957,43.37781078],[-1.3098527,43.37782414],[-1.30978395,43.37787913],[-1.30993456,43.37829028],[-1.30993547,43.37843439],[-1.30983463,43.3787042],[-1.30968843,43.37897851],[-1.30960062,43.37905949],[-1.30928512,43.3792009],[-1.30925014,43.37932753],[-1.30928274,43.37956498],[-1.30921991,43.37974858],[-1.30874548,43.3801594],[-1.30846247,43.38035537],[-1.30782125,43.38048543],[-1.30716262,43.38079546],[-1.30649255,43.38100234],[-1.3053388,43.38181049],[-1.30517502,43.38185034],[-1.30517003,43.3819983],[-1.30504989,43.38225806],[-1.30503953,43.38258191],[-1.30525647,43.38361569],[-1.30532397,43.38379139],[-1.30689962,43.38351964],[-1.30770128,43.38342014],[-1.30826713,43.38328948],[-1.30955697,43.38279753],[-1.31011677,43.38263557],[-1.31097843,43.38262825],[-1.31276559,43.38227861],[-1.3128416,43.38233684],[-1.31293198,43.38233954],[-1.31289325,43.38325647],[-1.31317543,43.38454892],[-1.31349409,43.38538853],[-1.31342165,43.38542745],[-1.31337881,43.38554809],[-1.31341951,43.38561314],[-1.31353133,43.38565463],[-1.31350437,43.38588815],[-1.31355208,43.3862115],[-1.31411419,43.38711798],[-1.31451583,43.38753172],[-1.31486592,43.38814754],[-1.31501833,43.38830183],[-1.31512482,43.38833813],[-1.31532977,43.38861646],[-1.31529522,43.38884758],[-1.31549743,43.38989636],[-1.31549919,43.39033146],[-1.31541233,43.39088632],[-1.31517962,43.39092984],[-1.31482346,43.3908098],[-1.31479409,43.3904677],[-1.31463085,43.39067964],[-1.31462798,43.39078967],[-1.31485037,43.39102046],[-1.31485205,43.39133934],[-1.31492777,43.39154174],[-1.31480475,43.39194397],[-1.31472353,43.39199767],[-1.31460383,43.39195019],[-1.31437073,43.3919721],[-1.31389766,43.39210539],[-1.31337589,43.39256137],[-1.31352103,43.39273397],[-1.31408182,43.3930783],[-1.31415472,43.39322676],[-1.31412465,43.39336941],[-1.31399657,43.39352318],[-1.31403391,43.39365864],[-1.31356414,43.39393505],[-1.31366445,43.39400403],[-1.31436351,43.39426446],[-1.3142637,43.39441621],[-1.31504293,43.39465812],[-1.31580241,43.39511435],[-1.31555461,43.39553328],[-1.31591985,43.39605389],[-1.31586893,43.39629738],[-1.31642828,43.39632552],[-1.31693617,43.39647464],[-1.31653294,43.39678174],[-1.31635602,43.39727263],[-1.31689105,43.3976351],[-1.31739335,43.39759433],[-1.31743922,43.39733302],[-1.31805813,43.3976606],[-1.31802697,43.39792042],[-1.31831041,43.39819021],[-1.31804831,43.39848448],[-1.3173457,43.39900086],[-1.31701548,43.39937533],[-1.31688311,43.40004824],[-1.3165078,43.4005137],[-1.31661893,43.40052909],[-1.31662463,43.4009343],[-1.31676061,43.40118205],[-1.31662699,43.40126217],[-1.31667614,43.40155483],[-1.31657206,43.40160043],[-1.31659903,43.40177864],[-1.31655457,43.40199305],[-1.31631141,43.4022271],[-1.31626535,43.40240372],[-1.31681108,43.40266126],[-1.31731764,43.40246265],[-1.31761296,43.40252835],[-1.31761361,43.40286619],[-1.31779609,43.40309136],[-1.31913748,43.4032973],[-1.31962199,43.40354555],[-1.31938085,43.40349391],[-1.31915898,43.40360008],[-1.31905626,43.40389429],[-1.31877971,43.4042432],[-1.31870036,43.40463469],[-1.31806144,43.40517736],[-1.31799546,43.40530253],[-1.31798574,43.40555159],[-1.31787274,43.40572548],[-1.31749432,43.40590276],[-1.31718606,43.40612589],[-1.31688731,43.40622881],[-1.31642768,43.40606515],[-1.31605795,43.40581501],[-1.31584932,43.40581793],[-1.31532994,43.40594496],[-1.31546766,43.40611696],[-1.31556699,43.40640312],[-1.31592948,43.40652381],[-1.31573042,43.40653895],[-1.31555258,43.40660641],[-1.3153259,43.40671456],[-1.31523981,43.40681891],[-1.3150696,43.4069221],[-1.31481495,43.40700343],[-1.31434524,43.40708433],[-1.31399615,43.40720817],[-1.31375932,43.40737889],[-1.31357736,43.40757265],[-1.31399732,43.40771808],[-1.31479674,43.40788082],[-1.31485002,43.40826161],[-1.31458154,43.40822456],[-1.31421134,43.40889074],[-1.31449435,43.40908848],[-1.3147768,43.40917993],[-1.31450151,43.40957923],[-1.315124,43.40980489],[-1.31529059,43.40947208],[-1.31783977,43.41035607],[-1.31803544,43.41044377],[-1.31809785,43.41058363],[-1.31794656,43.41084014],[-1.31775097,43.410984],[-1.31745422,43.41111387],[-1.31668149,43.41127444],[-1.31621598,43.41142816],[-1.31509575,43.41166835],[-1.31387355,43.41181799],[-1.3134757,43.41181944],[-1.31314466,43.41177227],[-1.31333155,43.41301179],[-1.31322449,43.41306741],[-1.31409962,43.4139254],[-1.31658968,43.41452977],[-1.31677843,43.41468983],[-1.31627,43.41720315],[-1.31982705,43.41810547],[-1.32241442,43.41773186],[-1.3219763,43.41803677],[-1.32182099,43.41820696],[-1.32145594,43.41945139],[-1.32142957,43.419857],[-1.32160346,43.42024649],[-1.3219165,43.42067818],[-1.32271304,43.42196723],[-1.32286763,43.42242867],[-1.32284847,43.42255198],[-1.32240618,43.42294986],[-1.32229594,43.4231606],[-1.32228135,43.4233612],[-1.32249372,43.42409785],[-1.32267812,43.42428149],[-1.32349753,43.42488757],[-1.32393534,43.42513678],[-1.32542719,43.42577454],[-1.32595293,43.42630494],[-1.32654131,43.42656704],[-1.32725164,43.42805504],[-1.32733873,43.42885075],[-1.32791424,43.42964765],[-1.3292472,43.43071791],[-1.32992585,43.43140616],[-1.33011374,43.43201313],[-1.33088922,43.43249298],[-1.33219225,43.43291837],[-1.33294683,43.43297287],[-1.33430359,43.43247074],[-1.3339755,43.43225142],[-1.33377546,43.43186118],[-1.33405957,43.43152995],[-1.33477182,43.43141673],[-1.33498704,43.43141802],[-1.33552694,43.43146217],[-1.33583667,43.43161825],[-1.3359111,43.43162158],[-1.33610495,43.43265088],[-1.33577131,43.43352201],[-1.33545526,43.43405276]]]]},"geometry_name":"geometrie","properties":{"cleabs":"IRIS____0000000642560101","code_insee":"64256","nom_commune":"Hasparren","iris":"0101","code_iris":"642560101","nom_iris":"Est","type_iris":"H"}},{"type":"Feature","id":"contours_iris.1796","geometry":{"type":"MultiPolygon","coordinates":[[[[-1.57705714,43.46271145],[-1.57673754,43.46314131],[-1.57577304,43.46411119],[-1.57523316,43.46485135],[-1.57497886,43.46543345],[-1.57496986,43.46628366],[-1.57483237,43.46682567],[-1.57406459,43.46714378],[-1.57262686,43.46844994],[-1.57191741,43.46965685],[-1.57115356,43.47058488],[-1.56960325,43.47277982],[-1.56867682,43.47382734],[-1.56804909,43.47500554],[-1.56785179,43.47591686],[-1.56775993,43.47569543],[-1.56684187,43.47768973],[-1.56703046,43.47772684],[-1.56697073,43.4779096],[-1.56678287,43.47788147],[-1.56636578,43.48010698],[-1.56639882,43.48036693],[-1.56676847,43.48065775],[-1.56874697,43.48125923],[-1.56890999,43.48144161],[-1.56911754,43.48140581],[-1.56943697,43.48184294],[-1.56908354,43.48191192],[-1.56882184,43.48173371],[-1.56878785,43.48188204],[-1.56910426,43.48206335],[-1.56898807,43.48208087],[-1.56873357,43.48194651],[-1.56861911,43.48198558],[-1.56874727,43.48219646],[-1.56891068,43.48224364],[-1.56900838,43.48238281],[-1.56888185,43.48244132],[-1.56887431,43.48267324],[-1.56847142,43.48230723],[-1.56817125,43.48237666],[-1.56773666,43.48271672],[-1.56833057,43.4830882],[-1.56886637,43.48316473],[-1.56899982,43.48333303],[-1.5688112,43.48331125],[-1.56879516,43.48337411],[-1.56897761,43.48369175],[-1.57029783,43.48395147],[-1.57094318,43.48428472],[-1.57094819,43.48434759],[-1.57049482,43.48424957],[-1.57013747,43.48395824],[-1.56922127,43.48379862],[-1.5690261,43.4839123],[-1.56958696,43.48414818],[-1.56927643,43.48419643],[-1.56879093,43.48386544],[-1.56829021,43.48374777],[-1.56777083,43.48387782],[-1.5675701,43.48403048],[-1.56757599,43.48413567],[-1.56694705,43.48408649],[-1.5666478,43.48427664],[-1.56656055,43.48442451],[-1.56710811,43.48461771],[-1.5671796,43.48489407],[-1.56701047,43.48494626],[-1.56681472,43.48481933],[-1.56683297,43.48473745],[-1.56704553,43.48476454],[-1.56703481,43.48462981],[-1.56662865,43.48450274],[-1.56644505,43.48452851],[-1.56637337,43.48440536],[-1.5667372,43.48415571],[-1.56630198,43.48411458],[-1.56612888,43.48382088],[-1.56615374,43.48366663],[-1.56670779,43.48331884],[-1.56674999,43.48322694],[-1.56667169,43.48317617],[-1.56652224,43.48316445],[-1.56647861,43.48323838],[-1.56615433,43.48320699],[-1.56610563,43.48321716],[-1.56608837,43.4831557],[-1.56580252,43.48314071],[-1.56568773,43.4832537],[-1.56568303,43.48330346],[-1.5656543,43.48330017],[-1.56484303,43.4833704],[-1.56472273,43.48325832],[-1.56442006,43.48334317],[-1.56436695,43.48345355],[-1.56405358,43.48340367],[-1.56404084,43.48371061],[-1.56422856,43.48375227],[-1.5642486,43.48373971],[-1.56426011,43.48375995],[-1.5647148,43.48378135],[-1.5648727,43.48343224],[-1.56510473,43.48354863],[-1.56514887,43.48363689],[-1.56512706,43.48367385],[-1.56533085,43.48374637],[-1.56546368,43.48370473],[-1.56581244,43.48388829],[-1.56580712,43.48351001],[-1.56576914,43.48348367],[-1.56582537,43.48342813],[-1.56595372,43.48348581],[-1.56583608,43.48356286],[-1.56590522,43.48396549],[-1.56548101,43.48376708],[-1.56520821,43.48376055],[-1.56496761,43.48353638],[-1.56483192,43.4835421],[-1.56476414,43.48377927],[-1.564526,43.48389745],[-1.56403064,43.48373808],[-1.56399924,43.48334288],[-1.56345506,43.48334778],[-1.56271617,43.48355013],[-1.56309682,43.48380806],[-1.56336592,43.48420406],[-1.5631238,43.48414758],[-1.56288917,43.48396731],[-1.56285237,43.48370661],[-1.56269221,43.48356015],[-1.56217586,43.48391534],[-1.56158775,43.48367876],[-1.56159957,43.48351605],[-1.56122327,43.48359318],[-1.55937609,43.48466135],[-1.55856318,43.48525701],[-1.55706774,43.48693757],[-1.55586814,43.4879487],[-1.55436148,43.48902138],[-1.55380302,43.48961171],[-1.55282914,43.49091071],[-1.55266787,43.49121848],[-1.55264138,43.49155574],[-1.55274396,43.49191281],[-1.55300336,43.49217136],[-1.55294651,43.49253153],[-1.55308221,43.49286918],[-1.55350181,43.49305611],[-1.55442891,43.49293063],[-1.55471459,43.49298981],[-1.55499493,43.4931844],[-1.55503493,43.49351706],[-1.55528346,43.49377877],[-1.55531102,43.49423542],[-1.5546927,43.49435244],[-1.55434865,43.49449397],[-1.55423315,43.49447359],[-1.55419018,43.49443124],[-1.55412669,43.49447356],[-1.55352069,43.49440261],[-1.55326209,43.49423233],[-1.5522288,43.49392429],[-1.55116373,43.49334],[-1.55087232,43.49327114],[-1.5505944,43.49298181],[-1.55040317,43.49289612],[-1.54968781,43.49302259],[-1.549506,43.49318072],[-1.54931731,43.49304896],[-1.54879447,43.49294926],[-1.54868652,43.49283663],[-1.54865218,43.49307509],[-1.54839353,43.49285705],[-1.54781153,43.4929013],[-1.54734244,43.49263622],[-1.55086105,43.49216044],[-1.55128376,43.49201201],[-1.55157957,43.49180853],[-1.55199176,43.49137126],[-1.55213926,43.49062428],[-1.55345679,43.48793022],[-1.55373843,43.48767326],[-1.55511299,43.48671428],[-1.55521003,43.48654888],[-1.55534108,43.48604772],[-1.55557698,43.48574491],[-1.55661474,43.48512811],[-1.556932,43.48489938],[-1.55758219,43.48418712],[-1.55806944,43.48396385],[-1.55873775,43.48340222],[-1.55881914,43.48321135],[-1.55885522,43.48241858],[-1.55916156,43.48209928],[-1.55933795,43.48193595],[-1.56041535,43.4821159],[-1.56131032,43.48232063],[-1.56172607,43.4822103],[-1.56223615,43.48213475],[-1.56273314,43.48192547],[-1.56295364,43.48164762],[-1.56306823,43.48108045],[-1.56323928,43.48072538],[-1.56393794,43.47990831],[-1.56426048,43.47926388],[-1.56465512,43.47879485],[-1.56458879,43.47869221],[-1.56465813,43.47859917],[-1.56484857,43.47859745],[-1.56511531,43.47795177],[-1.56542812,43.47751232],[-1.56544407,43.4772458],[-1.56558266,43.47705881],[-1.5655205,43.47693076],[-1.56579196,43.47654713],[-1.5661271,43.47565704],[-1.56659687,43.47420344],[-1.56670412,43.47366902],[-1.56670378,43.47313553],[-1.56652749,43.47314386],[-1.56644045,43.47301416],[-1.56646983,43.47296335],[-1.56659698,43.47291293],[-1.56661432,43.47188574],[-1.56670988,43.47146897],[-1.56758629,43.46997929],[-1.56867616,43.46859145],[-1.57037308,43.46716717],[-1.57051893,43.46711866],[-1.57143898,43.4669879],[-1.57174946,43.46684682],[-1.57165533,43.46529084],[-1.57169758,43.46513766],[-1.5709678,43.46448717],[-1.57075427,43.46418257],[-1.57067475,43.46389844],[-1.57070082,43.46271769],[-1.57076573,43.46247614],[-1.57064195,43.46227319],[-1.57067888,43.46214637],[-1.57053115,43.46182908],[-1.57054538,43.46163472],[-1.57123647,43.46050881],[-1.57668504,43.46200082],[-1.57705714,43.46271145]]],[[[-1.56940374,43.4813631],[-1.56953507,43.48130259],[-1.56998778,43.48137721],[-1.56985698,43.48149088],[-1.56940374,43.4813631]]],[[[-1.56483997,43.48411041],[-1.56509185,43.484025],[-1.56525563,43.48412354],[-1.56505821,43.48422468],[-1.56483997,43.48411041]]],[[[-1.57308156,43.48424944],[-1.57327556,43.48432326],[-1.57314839,43.48449805],[-1.57247976,43.48438569],[-1.57265472,43.4842981],[-1.57308156,43.48424944]]],[[[-1.56772268,43.48490632],[-1.56794086,43.48484845],[-1.56834796,43.48498719],[-1.56815988,43.4850501],[-1.56772268,43.48490632]]],[[[-1.55734705,43.48930317],[-1.55723566,43.48961516],[-1.55707554,43.48964082],[-1.55702117,43.48950162],[-1.55712344,43.48923056],[-1.55724424,43.48919304],[-1.55734705,43.48930317]]]]},"geometry_name":"geometrie","properties":{"cleabs":"IRIS____0000000641220101","code_insee":"64122","nom_commune":"Biarritz","iris":"0101","code_iris":"641220101","nom_iris":"Front de Mer","type_iris":"H"}},{"type":"Feature","id":"contours_iris.2147","geometry":{"type":"MultiPolygon","coordinates":[[[[-1.66767842,43.37463917],[-1.66791196,43.37403069],[-1.66799299,43.3732783],[-1.66830292,43.37280441],[-1.668342,43.3723269],[-1.66765422,43.37149325],[-1.66750481,43.37117437],[-1.66681556,43.37055077],[-1.6664153,43.36939289],[-1.66528699,43.36815289],[-1.66490706,43.36785477],[-1.66461209,43.36741601],[-1.66339143,43.36662066],[-1.6627913,43.36660779],[-1.66220144,43.36637099],[-1.6617723,43.36587672],[-1.66090454,43.36524366],[-1.66072639,43.36498099],[-1.66088545,43.36355928],[-1.66039053,43.36266412],[-1.65986086,43.36217868],[-1.66037993,43.36160298],[-1.66088037,43.36137684],[-1.66148163,43.36052003],[-1.66181832,43.36020902],[-1.66178615,43.35975081],[-1.6599243,43.35977431],[-1.65783054,43.3581379],[-1.65733203,43.35797554],[-1.65482035,43.35671306],[-1.65512463,43.35645934],[-1.65494977,43.35635873],[-1.65521899,43.35629757],[-1.65524732,43.35559434],[-1.65545241,43.35449599],[-1.65496569,43.35310482],[-1.65479276,43.34878306],[-1.65428514,43.34748382],[-1.65134995,43.3419518],[-1.65123412,43.34112952],[-1.65262945,43.34038277],[-1.65962139,43.33968138],[-1.6595322,43.33920491],[-1.65897908,43.33825911],[-1.65820967,43.33843917],[-1.65971701,43.33724773],[-1.66051452,43.33675915],[-1.66021063,43.33654336],[-1.65998421,43.33623231],[-1.65938391,43.33607617],[-1.6592351,43.33580863],[-1.65943486,43.33565313],[-1.66009281,43.33554545],[-1.66022042,43.33539847],[-1.6599134,43.33512874],[-1.6598535,43.33496822],[-1.65989013,43.33479542],[-1.66015157,43.3345174],[-1.66022942,43.3338625],[-1.66011421,43.3336593],[-1.65974321,43.33334638],[-1.65976603,43.33278938],[-1.6594481,43.33250661],[-1.6594573,43.33233049],[-1.65963048,43.33213648],[-1.65968073,43.33159813],[-1.65994267,43.33092989],[-1.65958753,43.33058384],[-1.65932343,43.33046276],[-1.65950759,43.32980959],[-1.65937676,43.32961157],[-1.65934113,43.32930852],[-1.65876704,43.32875834],[-1.65853393,43.3282268],[-1.65787289,43.32745598],[-1.65742394,43.32712478],[-1.65640756,43.32681354],[-1.65557404,43.32600058],[-1.65478506,43.32575342],[-1.65455612,43.32547131],[-1.65426607,43.32530358],[-1.65416153,43.32510983],[-1.65420247,43.3247458],[-1.65405902,43.32460509],[-1.65387654,43.32459223],[-1.65376774,43.32442209],[-1.65364651,43.32368567],[-1.65292216,43.32306174],[-1.65292726,43.32289571],[-1.65314808,43.32258882],[-1.65309618,43.32246579],[-1.65231345,43.32212733],[-1.65222204,43.32198889],[-1.65226471,43.3215545],[-1.65210854,43.32143957],[-1.65207203,43.32121676],[-1.65183646,43.32092863],[-1.65169464,43.32086895],[-1.65101254,43.32101186],[-1.65044369,43.32092191],[-1.65027131,43.32068242],[-1.65020128,43.32033489],[-1.64994358,43.32003238],[-1.64812291,43.31925015],[-1.64756856,43.31920191],[-1.64707008,43.31876017],[-1.64633272,43.31827914],[-1.64592571,43.31786951],[-1.64495052,43.31766814],[-1.64441284,43.31776515],[-1.64362285,43.31741162],[-1.64312025,43.317408],[-1.64283968,43.31728038],[-1.64250559,43.31734611],[-1.64199597,43.31727068],[-1.64178045,43.31733762],[-1.64124725,43.31716859],[-1.64095063,43.31728586],[-1.64054028,43.3173089],[-1.63541167,43.30902066],[-1.63587695,43.3089295],[-1.63630438,43.30893548],[-1.63744681,43.3087026],[-1.63930889,43.30801347],[-1.64008649,43.30763313],[-1.64154345,43.30739931],[-1.64189246,43.30727438],[-1.64205839,43.30709783],[-1.64318983,43.30679057],[-1.64413037,43.30662578],[-1.64502537,43.30675309],[-1.64558987,43.30686759],[-1.64724929,43.30746123],[-1.64810754,43.30792803],[-1.64838564,43.30817829],[-1.64885229,43.30827265],[-1.65058121,43.30914531],[-1.65223218,43.30957163],[-1.6524532,43.3100316],[-1.65301105,43.31026169],[-1.65350025,43.31075697],[-1.65390279,43.31181378],[-1.65431717,43.31214647],[-1.65437126,43.31232707],[-1.65458133,43.31231531],[-1.65473308,43.31249801],[-1.65551168,43.31272579],[-1.65582781,43.3127437],[-1.65618458,43.31292838],[-1.65669055,43.31297415],[-1.65719378,43.31326064],[-1.65902646,43.31359703],[-1.66019316,43.31349624],[-1.66105514,43.31374741],[-1.66226078,43.31368546],[-1.66340731,43.31379277],[-1.66410373,43.31373656],[-1.66475165,43.31378248],[-1.66492572,43.31381371],[-1.66543852,43.31420249],[-1.66841779,43.31484334],[-1.67020426,43.31431914],[-1.6735249,43.31224615],[-1.674282,43.31185833],[-1.67770978,43.31110796],[-1.68007242,43.31023512],[-1.68109538,43.31026468],[-1.68191242,43.31063028],[-1.68240397,43.31074144],[-1.68293424,43.31058508],[-1.68440606,43.30966966],[-1.68472316,43.30954777],[-1.68560469,43.30940139],[-1.68661869,43.30945742],[-1.6873423,43.30966032],[-1.68792341,43.31020463],[-1.68935631,43.31090391],[-1.68979611,43.31128853],[-1.69019291,43.31147857],[-1.69143717,43.31157322],[-1.69227175,43.31188031],[-1.69326167,43.31204907],[-1.69543476,43.31225922],[-1.69594392,43.31205595],[-1.69614291,43.3118932],[-1.69677771,43.31168716],[-1.696899,43.31137369],[-1.69749227,43.31109736],[-1.69827226,43.31055337],[-1.69983544,43.30967161],[-1.70014882,43.30933805],[-1.70055334,43.30921411],[-1.7015222,43.30912508],[-1.70246844,43.30919743],[-1.70346701,43.30915485],[-1.70752098,43.31043993],[-1.71148857,43.3166707],[-1.71331356,43.31874671],[-1.71363856,43.31897765],[-1.71380543,43.31928218],[-1.71507027,43.31974606],[-1.71704983,43.31999938],[-1.71808642,43.32049392],[-1.71805195,43.32111274],[-1.71825781,43.32213381],[-1.71862485,43.32254584],[-1.71854424,43.32285757],[-1.71862012,43.32310569],[-1.71859579,43.32383311],[-1.71877721,43.32405859],[-1.71934527,43.32431765],[-1.71963317,43.32457724],[-1.71994028,43.32532713],[-1.72030277,43.3257736],[-1.71944131,43.32923938],[-1.71817364,43.33282654],[-1.72691442,43.3394883],[-1.72717528,43.34040964],[-1.72741195,43.34060026],[-1.72770958,43.34070619],[-1.72807467,43.34137784],[-1.72801292,43.34151302],[-1.72852197,43.34171245],[-1.73012403,43.34427387],[-1.73138728,43.34558121],[-1.7331566,43.34705021],[-1.73527789,43.34917879],[-1.73595358,43.34949615],[-1.7391298,43.34912079],[-1.73910312,43.34926165],[-1.73894596,43.34930279],[-1.73861378,43.34951292],[-1.73782381,43.35019283],[-1.73759504,43.35047413],[-1.73758888,43.35063932],[-1.73773911,43.35073908],[-1.73826857,43.35091504],[-1.73878082,43.35155678],[-1.7388576,43.35170933],[-1.73884839,43.35182239],[-1.73880769,43.35194313],[-1.73868298,43.35207838],[-1.73751389,43.3524739],[-1.73724948,43.35266753],[-1.73706056,43.35293807],[-1.73675501,43.35534782],[-1.73658394,43.35582035],[-1.73637461,43.35614315],[-1.73607679,43.35645631],[-1.73423501,43.35798436],[-1.73387588,43.3582281],[-1.73336869,43.35842876],[-1.72891599,43.35943476],[-1.72507962,43.36029196],[-1.71737575,43.36193161],[-1.71695056,43.36195827],[-1.70647092,43.36189326],[-1.70539051,43.36188262],[-1.70495474,43.36184031],[-1.70419021,43.3618862],[-1.70223627,43.3618874],[-1.70010687,43.36234139],[-1.69844087,43.36249583],[-1.69386869,43.36301619],[-1.6926652,43.36334421],[-1.69140279,43.36363151],[-1.69171824,43.36345561],[-1.69197415,43.36324624],[-1.69184224,43.36309786],[-1.69190379,43.36294378],[-1.69146802,43.36258329],[-1.68985586,43.36373198],[-1.68623047,43.3665216],[-1.68508841,43.3673173],[-1.68389267,43.36810629],[-1.68158951,43.36952631],[-1.68001542,43.37037309],[-1.67886188,43.37090787],[-1.67737002,43.37150593],[-1.67179966,43.37349689],[-1.66951128,43.3742374],[-1.66846555,43.37450425],[-1.66767842,43.37463917]]]]},"geometry_name":"geometrie","properties":{"cleabs":"IRIS____0000000645450101","code_insee":"64545","nom_commune":"Urrugne","iris":"0101","code_iris":"645450101","nom_iris":"Mendi Choko Karrikatxar Olhette","type_iris":"H"}},{"type":"Feature","id":"contours_iris.2179","geometry":{"type":"MultiPolygon","coordinates":[[[[-1.44510453,43.48619074],[-1.44411823,43.4842884],[-1.44388502,43.48418533],[-1.44458894,43.48376626],[-1.44639147,43.48294346],[-1.44598985,43.48282298],[-1.44561253,43.48255281],[-1.445026,43.48256967],[-1.44492437,43.4821359],[-1.44499168,43.48195021],[-1.44489552,43.48176312],[-1.44482162,43.48143184],[-1.4449271,43.48124368],[-1.44583198,43.4812471],[-1.44569166,43.48053737],[-1.44536463,43.48018133],[-1.4450946,43.48005004],[-1.44512967,43.47991163],[-1.44544112,43.47974656],[-1.44551141,43.4795995],[-1.44577295,43.47955722],[-1.4458272,43.47921888],[-1.44568169,43.4790176],[-1.44530003,43.47913869],[-1.44520309,43.47879754],[-1.44624301,43.47849985],[-1.44625981,43.47831713],[-1.44682447,43.47773075],[-1.44894475,43.47618839],[-1.45024105,43.47560708],[-1.45016255,43.4755202],[-1.4509524,43.47522191],[-1.45110676,43.47536155],[-1.45349729,43.47496141],[-1.45394592,43.47477896],[-1.45432172,43.47515729],[-1.45427172,43.47610823],[-1.45494177,43.47673849],[-1.45555743,43.47764042],[-1.45634059,43.47837235],[-1.45790901,43.47785365],[-1.45897723,43.47914875],[-1.45842541,43.47951659],[-1.45911508,43.47984054],[-1.45914453,43.47993305],[-1.45950418,43.48007053],[-1.45993417,43.48038084],[-1.46005946,43.48033693],[-1.46003885,43.48024676],[-1.46046549,43.47995616],[-1.46029541,43.47986944],[-1.46043046,43.47969627],[-1.46083775,43.47974618],[-1.46110043,43.47963895],[-1.46127903,43.47938919],[-1.46196192,43.47921147],[-1.46245877,43.47885308],[-1.46268209,43.47849425],[-1.46309646,43.47831677],[-1.46372461,43.47776914],[-1.46555009,43.4767378],[-1.46595564,43.47668593],[-1.46639079,43.47625077],[-1.46721799,43.47651313],[-1.46742353,43.47648302],[-1.46782672,43.47622579],[-1.46785453,43.47616968],[-1.46643645,43.47527837],[-1.46618542,43.47504182],[-1.46688265,43.47463549],[-1.46660173,43.47382345],[-1.46665824,43.47343634],[-1.46722103,43.4731473],[-1.46759307,43.47264895],[-1.4674555,43.47229598],[-1.46720191,43.47207395],[-1.46672459,43.47199811],[-1.4668605,43.47164557],[-1.46893524,43.47157891],[-1.46943136,43.47130793],[-1.469801,43.47092231],[-1.47030815,43.46886934],[-1.47004971,43.46825102],[-1.46891512,43.46677135],[-1.47404457,43.46700922],[-1.47511822,43.46699009],[-1.47603362,43.4670676],[-1.47642638,43.46720186],[-1.47682254,43.46710979],[-1.47756401,43.4671305],[-1.47805042,43.46618042],[-1.47843822,43.46580664],[-1.48036696,43.4658377],[-1.48153384,43.46458731],[-1.48186378,43.46440785],[-1.48274911,43.46533721],[-1.48388817,43.46721848],[-1.48429242,43.46837141],[-1.48434655,43.4688747],[-1.4842357,43.47097353],[-1.483981,43.47178428],[-1.48335223,43.47249517],[-1.48205885,43.47306145],[-1.47880919,43.4748819],[-1.47487113,43.47673159],[-1.47282491,43.47730993],[-1.47165632,43.47832148],[-1.47042049,43.47975753],[-1.47018359,43.48084777],[-1.4702941,43.4816317],[-1.47095602,43.48229735],[-1.47185811,43.48291614],[-1.4694355,43.48584929],[-1.46896823,43.48628579],[-1.46827757,43.48676214],[-1.46818185,43.48674086],[-1.46812887,43.48664842],[-1.4680436,43.48660238],[-1.46757973,43.48643047],[-1.46617901,43.48605208],[-1.46672066,43.48668307],[-1.46705314,43.48728213],[-1.46716273,43.4872749],[-1.46725585,43.48734225],[-1.46726961,43.48742369],[-1.46717876,43.48749682],[-1.46724613,43.48767878],[-1.46813881,43.48944874],[-1.46813836,43.48974523],[-1.4680456,43.48987342],[-1.46763368,43.49017877],[-1.4676315,43.49023022],[-1.46752838,43.49030476],[-1.46754102,43.49041959],[-1.46780118,43.4907567],[-1.46897221,43.49133109],[-1.46912758,43.49145084],[-1.46919849,43.49156686],[-1.46925843,43.49176444],[-1.46857049,43.49249931],[-1.46634052,43.49123235],[-1.46371333,43.48912113],[-1.46107721,43.48700392],[-1.45730773,43.48547757],[-1.45558107,43.48506019],[-1.45314588,43.48503326],[-1.44842328,43.4856409],[-1.4470374,43.48583567],[-1.44510453,43.48619074]]]]},"geometry_name":"geometrie","properties":{"cleabs":"IRIS____0000000641020101","code_insee":"64102","nom_commune":"Bayonne","iris":"0101","code_iris":"641020101","nom_iris":"Mousserolles","type_iris":"H"}},{"type":"Feature","id":"contours_iris.2343","geometry":{"type":"MultiPolygon","coordinates":[[[[-1.49038165,43.53351882],[-1.49133542,43.53217351],[-1.4902763,43.53141263],[-1.49272088,43.53018848],[-1.49404975,43.52849416],[-1.49625034,43.52905897],[-1.50083896,43.52908664],[-1.50092887,43.52848002],[-1.5017597,43.52711898],[-1.51078463,43.52777658],[-1.51310849,43.52801691],[-1.51905206,43.52853171],[-1.52116524,43.52881669],[-1.52093458,43.52950491],[-1.52359583,43.53033115],[-1.5235476,43.53041066],[-1.5219522,43.5298599],[-1.52170901,43.5302161],[-1.52174362,43.53040391],[-1.52413929,43.5311601],[-1.52625051,43.5315442],[-1.52734701,43.53162639],[-1.53000556,43.5315685],[-1.53056347,43.53141812],[-1.53112776,43.53150538],[-1.53309974,43.53134905],[-1.53327595,43.53136872],[-1.53330365,43.53146849],[-1.53319473,43.53157939],[-1.53126388,43.53167633],[-1.53110944,43.53174407],[-1.53055047,43.53172417],[-1.53027077,43.53178993],[-1.529757,43.53171497],[-1.5297447,43.53173171],[-1.52972025,43.53172011],[-1.52947439,43.5317439],[-1.52945045,43.53177014],[-1.52936565,43.53176286],[-1.52930798,43.53176978],[-1.52920236,43.53174986],[-1.52909614,43.53181648],[-1.52889484,43.53177713],[-1.528872,43.53180151],[-1.52884617,43.53178817],[-1.52818303,43.53186093],[-1.52666053,43.53171724],[-1.52652897,43.5317768],[-1.52618777,43.53169102],[-1.52613239,43.53171135],[-1.52607785,43.53167938],[-1.5259908,43.53170645],[-1.52517932,43.53162587],[-1.52458313,43.53144798],[-1.52425965,43.53142994],[-1.52405164,43.53130525],[-1.52380564,43.53132723],[-1.52371221,43.53124191],[-1.52250672,43.53087675],[-1.52219988,43.5309283],[-1.52189488,43.53111315],[-1.52097653,43.53236447],[-1.52017527,43.53319994],[-1.51915532,43.53456182],[-1.51831297,43.53594602],[-1.51731948,43.53728334],[-1.51713124,43.53769312],[-1.51394751,43.54184956],[-1.51340943,43.5427263],[-1.51257491,43.54377218],[-1.51221414,43.54449373],[-1.5116702,43.54510755],[-1.51118208,43.54586414],[-1.51016076,43.54696193],[-1.50960687,43.54787535],[-1.5086641,43.54912216],[-1.50794221,43.55035798],[-1.50719605,43.55114329],[-1.50685843,43.55170345],[-1.50630872,43.55224539],[-1.50518534,43.55371866],[-1.50423981,43.55537469],[-1.50380396,43.55582086],[-1.50328055,43.55676182],[-1.50187563,43.55856577],[-1.5011517,43.55963671],[-1.50096023,43.56010247],[-1.50031944,43.56084371],[-1.49898775,43.56284104],[-1.49840962,43.56343368],[-1.4975441,43.56488176],[-1.49692361,43.56569333],[-1.49624277,43.56692105],[-1.49527271,43.56817518],[-1.49523173,43.56834811],[-1.4950937,43.56842142],[-1.49482054,43.56892119],[-1.49438218,43.56940077],[-1.49368839,43.57048031],[-1.48344532,43.56656216],[-1.48153632,43.56565333],[-1.47725216,43.56381518],[-1.47082505,43.56127038],[-1.46936384,43.56060064],[-1.46606161,43.55926773],[-1.47271298,43.55226634],[-1.47511299,43.55223402],[-1.47655441,43.55209613],[-1.47741689,43.55209747],[-1.47752233,43.55203544],[-1.47773857,43.55175796],[-1.47796639,43.55167646],[-1.47777183,43.55129518],[-1.47815825,43.5511819],[-1.47838135,43.55107176],[-1.4786042,43.55081563],[-1.47891786,43.550818],[-1.47945629,43.55068401],[-1.47967731,43.55056313],[-1.47990384,43.55036994],[-1.47999504,43.55009401],[-1.47988444,43.54989942],[-1.4796804,43.5497934],[-1.47903632,43.54973259],[-1.4787164,43.54963405],[-1.47844158,43.54946246],[-1.47796718,43.54901975],[-1.47789058,43.54880032],[-1.47788638,43.54838144],[-1.47795076,43.54806337],[-1.47808468,43.54776315],[-1.4782835,43.54750081],[-1.47867224,43.54711617],[-1.48139378,43.54482649],[-1.48123341,43.54469253],[-1.48113961,43.54441163],[-1.48084505,43.54432017],[-1.48062541,43.54410936],[-1.4805194,43.54406868],[-1.49030167,43.53377897],[-1.49046813,43.53357923],[-1.49038165,43.53351882]]]]},"geometry_name":"geometrie","properties":{"cleabs":"IRIS____0000000403120101","code_insee":"40312","nom_commune":"Tarnos","iris":"0101","code_iris":"403120101","nom_iris":"Nord-Ouest","type_iris":"H"}},{"type":"Feature","id":"contours_iris.2928","geometry":{"type":"MultiPolygon","coordinates":[[[[-1.7391298,43.34912079],[-1.7398314,43.34904767],[-1.74583066,43.34966128],[-1.74875755,43.3495273],[-1.74893785,43.34803054],[-1.74922398,43.34703833],[-1.74919818,43.34675558],[-1.74995708,43.34544699],[-1.75071979,43.34466364],[-1.75155571,43.34398972],[-1.75263862,43.34425843],[-1.75829848,43.34525125],[-1.76084847,43.34454953],[-1.76093466,43.34412846],[-1.76201697,43.34409069],[-1.76247379,43.3446122],[-1.76299723,43.34504335],[-1.76336641,43.345192],[-1.76521231,43.34529357],[-1.76583713,43.34523357],[-1.7669474,43.3453991],[-1.76758095,43.34529544],[-1.76805467,43.34534935],[-1.76815184,43.34568753],[-1.76800866,43.34626974],[-1.76749791,43.34655904],[-1.76734647,43.34704158],[-1.76651079,43.34743353],[-1.76698446,43.34808316],[-1.76769548,43.34852675],[-1.76736015,43.34932382],[-1.76720609,43.35029675],[-1.76693091,43.3509704],[-1.76649402,43.35092928],[-1.76555799,43.35110935],[-1.76487269,43.35134956],[-1.76409944,43.35058695],[-1.76473167,43.35004898],[-1.7643793,43.34979054],[-1.76366202,43.35006189],[-1.76183489,43.34990538],[-1.7607326,43.35074794],[-1.76034653,43.35118672],[-1.76017734,43.35166462],[-1.76017165,43.35195417],[-1.76049151,43.35252138],[-1.7605425,43.35291388],[-1.76018449,43.35466273],[-1.75961385,43.3555882],[-1.75952424,43.3556994],[-1.75911846,43.35587048],[-1.75695721,43.35621616],[-1.75515963,43.35730105],[-1.75475224,43.35827518],[-1.75431378,43.35873878],[-1.75345262,43.35937869],[-1.75331592,43.35966769],[-1.75353466,43.35989329],[-1.75190485,43.36085808],[-1.7518809,43.36186943],[-1.7515006,43.36270898],[-1.75166328,43.36295868],[-1.75162094,43.36334357],[-1.75120675,43.36384754],[-1.75120954,43.36401595],[-1.75161246,43.36482648],[-1.75216044,43.36571806],[-1.75226513,43.36611811],[-1.75222869,43.36636485],[-1.75151455,43.36667743],[-1.75067988,43.36671231],[-1.75059894,43.36634546],[-1.75019189,43.36624799],[-1.74953801,43.36585404],[-1.74829456,43.36586],[-1.74804886,43.36596632],[-1.74793596,43.36630474],[-1.74764553,43.36649774],[-1.74712006,43.36653704],[-1.74611803,43.36639989],[-1.74598274,43.36654191],[-1.74621688,43.36695432],[-1.74640073,43.36789525],[-1.7459004,43.36861388],[-1.74574487,43.36916956],[-1.74596615,43.36990517],[-1.74590295,43.3703072],[-1.74603579,43.37040501],[-1.74602705,43.37119758],[-1.74515493,43.37130346],[-1.74502094,43.37156619],[-1.74504662,43.37171287],[-1.7435055,43.37152635],[-1.74253326,43.37128692],[-1.74122963,43.37152344],[-1.7397756,43.37218382],[-1.73903208,43.37238134],[-1.73832735,43.37277993],[-1.73755553,43.37345904],[-1.73689971,43.37362657],[-1.73649924,43.37396946],[-1.73592595,43.37429919],[-1.73425015,43.37586954],[-1.73300059,43.37688497],[-1.73301518,43.37770806],[-1.73385429,43.37891143],[-1.73330534,43.3793275],[-1.73311528,43.37967559],[-1.73315621,43.38012802],[-1.73289737,43.38013575],[-1.73273742,43.3802491],[-1.73259589,43.38060137],[-1.73258038,43.38099859],[-1.73275457,43.38140374],[-1.73267603,43.38165051],[-1.73249504,43.38170349],[-1.73255094,43.38178216],[-1.73224856,43.38201169],[-1.73204566,43.38194847],[-1.73169083,43.38199103],[-1.7314175,43.38227337],[-1.73155958,43.38234826],[-1.7313547,43.3824113],[-1.73113087,43.38239406],[-1.7311507,43.38228955],[-1.73077757,43.38207966],[-1.73039881,43.38205658],[-1.7303929,43.38198474],[-1.73016208,43.38194256],[-1.72942341,43.38196045],[-1.72843947,43.38257217],[-1.72819453,43.38229808],[-1.72817252,43.3826316],[-1.7277125,43.38342408],[-1.72708331,43.38348133],[-1.72661173,43.38368219],[-1.72545968,43.38466983],[-1.72504359,43.38488448],[-1.72176647,43.38544039],[-1.71903095,43.38579052],[-1.71799286,43.38618098],[-1.71719142,43.38674497],[-1.71653868,43.3866662],[-1.71612036,43.38676375],[-1.71594646,43.38672267],[-1.71564448,43.38688274],[-1.71532476,43.38688676],[-1.71498713,43.3869889],[-1.71477153,43.38723803],[-1.71429565,43.38747778],[-1.71415644,43.3873775],[-1.71314272,43.38755327],[-1.71261897,43.38734448],[-1.71228092,43.38729071],[-1.71208038,43.38680378],[-1.71210302,43.38671807],[-1.71204693,43.38669709],[-1.71221861,43.38728442],[-1.71180875,43.38744016],[-1.71128553,43.38788654],[-1.71085048,43.38788566],[-1.71024867,43.38817233],[-1.70920231,43.38941383],[-1.70880958,43.3895526],[-1.70786046,43.38964259],[-1.70655164,43.39038089],[-1.70562921,43.39038948],[-1.70507704,43.39028643],[-1.70464358,43.39036567],[-1.70442679,43.39044991],[-1.70394662,43.39092501],[-1.70331331,43.39108414],[-1.70255141,43.39110645],[-1.70159342,43.39152662],[-1.70134564,43.3918366],[-1.70105359,43.391998],[-1.70055113,43.39192881],[-1.69960314,43.3920331],[-1.69933481,43.39195553],[-1.69897001,43.39196778],[-1.69756333,43.39223617],[-1.69658557,43.39265715],[-1.69626388,43.39260713],[-1.69579483,43.39276538],[-1.69566753,43.39303767],[-1.69544934,43.39319585],[-1.69515301,43.39330514],[-1.69494631,43.39328618],[-1.69452531,43.39347298],[-1.69417372,43.3937532],[-1.69405389,43.39396569],[-1.69370838,43.39409333],[-1.69279854,43.39422654],[-1.69250093,43.39413852],[-1.69212703,43.39428181],[-1.69156544,43.39427553],[-1.69063144,43.39453684],[-1.69006608,43.39452982],[-1.68925569,43.3947461],[-1.68909246,43.39465404],[-1.68910026,43.39453745],[-1.68891809,43.39431914],[-1.68828154,43.39416649],[-1.68782015,43.39390351],[-1.68754455,43.39361535],[-1.68697431,43.39268387],[-1.68637448,43.39222321],[-1.68619214,43.39195714],[-1.68590519,43.39040686],[-1.68565533,43.39011578],[-1.68523643,43.38994918],[-1.68559566,43.3893226],[-1.6855916,43.38769518],[-1.68598047,43.38702315],[-1.68644142,43.3867202],[-1.68779458,43.38605413],[-1.68885657,43.38516635],[-1.69034232,43.38444494],[-1.69130089,43.38382027],[-1.69198295,43.38268399],[-1.69224384,43.38276189],[-1.69275694,43.38300818],[-1.69293151,43.38310334],[-1.69292201,43.38316864],[-1.69300493,43.38323083],[-1.69315766,43.38320979],[-1.69447461,43.38384295],[-1.69510701,43.38317383],[-1.69516954,43.38304675],[-1.695386,43.38301932],[-1.69633643,43.38273472],[-1.6973104,43.3822391],[-1.69779176,43.38209653],[-1.69813318,43.38195012],[-1.69851283,43.38171192],[-1.69876891,43.38168547],[-1.69926737,43.38176745],[-1.6995307,43.38175421],[-1.70041749,43.38138672],[-1.70116207,43.38100287],[-1.70171183,43.38077529],[-1.7020095,43.38077407],[-1.70225869,43.38087498],[-1.70254307,43.38077159],[-1.70255363,43.38062874],[-1.70231081,43.38031846],[-1.70231624,43.38005237],[-1.70262026,43.37962999],[-1.70295349,43.37950465],[-1.70308555,43.37939707],[-1.70339258,43.37869428],[-1.70410501,43.37797836],[-1.70416491,43.37753236],[-1.70413009,43.37722746],[-1.70418356,43.37711068],[-1.70519909,43.37630947],[-1.70573145,43.3759907],[-1.70593979,43.37590953],[-1.70596215,43.37583556],[-1.70650405,43.37537668],[-1.70711217,43.37495728],[-1.70724291,43.37490923],[-1.70707909,43.37465861],[-1.70737838,43.37426978],[-1.70731409,43.37386162],[-1.70734918,43.37345995],[-1.70771989,43.37205684],[-1.70779871,43.3719029],[-1.70847496,43.37125972],[-1.70875733,43.37092118],[-1.70907196,43.37049382],[-1.70915583,43.37026576],[-1.70913145,43.37010371],[-1.70870629,43.3693616],[-1.70871918,43.36900596],[-1.708556,43.36843088],[-1.70849207,43.3683138],[-1.70840585,43.3682716],[-1.70826354,43.36789117],[-1.7083145,43.36763842],[-1.70843594,43.36752228],[-1.70881613,43.36730745],[-1.70904943,43.3673054],[-1.71027764,43.36706804],[-1.71110496,43.36680759],[-1.71160573,43.36645141],[-1.71203031,43.36596428],[-1.71236327,43.36547482],[-1.71276918,43.36524264],[-1.71374871,43.36485026],[-1.71716973,43.36427025],[-1.71719818,43.36421043],[-1.71707128,43.3640186],[-1.71709233,43.36373289],[-1.71720037,43.36363445],[-1.71749472,43.36359367],[-1.71749996,43.3631906],[-1.71738974,43.36317197],[-1.71713936,43.36284494],[-1.71726112,43.36267291],[-1.71743124,43.36259338],[-1.71752132,43.36244165],[-1.71737473,43.3621903],[-1.71737575,43.36193161],[-1.72507962,43.36029196],[-1.72891599,43.35943476],[-1.73336869,43.35842876],[-1.73387588,43.3582281],[-1.73423501,43.35798436],[-1.73607679,43.35645631],[-1.73637461,43.35614315],[-1.73658394,43.35582035],[-1.73675501,43.35534782],[-1.73706056,43.35293807],[-1.73724948,43.35266753],[-1.73751389,43.3524739],[-1.73868298,43.35207838],[-1.73880769,43.35194313],[-1.73884839,43.35182239],[-1.7388576,43.35170933],[-1.73878082,43.35155678],[-1.73826857,43.35091504],[-1.73773911,43.35073908],[-1.73758888,43.35063932],[-1.73759504,43.35047413],[-1.73782381,43.35019283],[-1.73861378,43.34951292],[-1.73894596,43.34930279],[-1.73910312,43.34926165],[-1.7391298,43.34912079]]]]},"geometry_name":"geometrie","properties":{"cleabs":"IRIS____0000000645450102","code_insee":"64545","nom_commune":"Urrugne","iris":"0102","code_iris":"645450102","nom_iris":"Béhobie Socoa","type_iris":"H"}},{"type":"Feature","id":"contours_iris.2976","geometry":{"type":"MultiPolygon","coordinates":[[[[-1.51310849,43.52801691],[-1.51078463,43.52777658],[-1.5017597,43.52711898],[-1.49685688,43.5248181],[-1.49513243,43.52372079],[-1.49138478,43.52114018],[-1.49089204,43.51658355],[-1.49205127,43.51194947],[-1.49261874,43.51060935],[-1.49276393,43.50858832],[-1.49248917,43.50658021],[-1.49153707,43.50460197],[-1.4904089,43.50301493],[-1.49091931,43.50238639],[-1.49098368,43.50230713],[-1.4919332,43.50113591],[-1.49225538,43.50096575],[-1.49292731,43.4998547],[-1.49356702,43.49910725],[-1.49390104,43.49812375],[-1.49392098,43.49815716],[-1.49480725,43.49793476],[-1.49675302,43.49729982],[-1.49688089,43.49730442],[-1.49775479,43.49708251],[-1.49901512,43.49689501],[-1.49972124,43.49690173],[-1.50429313,43.49755346],[-1.50615029,43.4976835],[-1.50687567,43.49765153],[-1.50764872,43.49753286],[-1.50786369,43.49746444],[-1.50843345,43.49715326],[-1.50863478,43.49708451],[-1.50912438,43.49707675],[-1.50882586,43.49721624],[-1.50871919,43.49740271],[-1.50778924,43.49812449],[-1.50739137,43.49854386],[-1.50713729,43.49872926],[-1.5069062,43.49879745],[-1.50566972,43.49889483],[-1.50539512,43.49897654],[-1.50510179,43.49921403],[-1.50480898,43.49978943],[-1.50452911,43.50000924],[-1.50452583,43.50007786],[-1.5043994,43.50010745],[-1.50427928,43.5002332],[-1.5040666,43.50055204],[-1.50397376,43.5008677],[-1.50407845,43.50187086],[-1.50405813,43.50208528],[-1.50386755,43.502323],[-1.50354872,43.50250386],[-1.50344427,43.50271908],[-1.50363751,43.5032887],[-1.50362025,43.50365258],[-1.50393263,43.50368917],[-1.5037638,43.50458293],[-1.50336732,43.50517886],[-1.50278521,43.50648632],[-1.50234962,43.50688381],[-1.50227172,43.5070114],[-1.50220888,43.50703114],[-1.50225323,43.50712302],[-1.50207553,43.50746203],[-1.5007302,43.50900034],[-1.49945689,43.5098156],[-1.49950346,43.50995154],[-1.49942016,43.51002619],[-1.50023556,43.51104581],[-1.5002884,43.51146716],[-1.50018774,43.5122049],[-1.50019388,43.51302561],[-1.50166734,43.51643574],[-1.50183392,43.51953878],[-1.50196717,43.51983244],[-1.50296616,43.52109044],[-1.5032023,43.52089589],[-1.50332314,43.52073136],[-1.50342116,43.5205128],[-1.50343609,43.52027698],[-1.50603301,43.52068723],[-1.50673915,43.52062723],[-1.50713584,43.52047466],[-1.50770943,43.52017775],[-1.50774964,43.52009046],[-1.50799093,43.51997769],[-1.50866292,43.51982989],[-1.50938737,43.5195303],[-1.51009104,43.51936043],[-1.51155222,43.51923294],[-1.5159409,43.51849144],[-1.51637061,43.52022274],[-1.51637928,43.52058465],[-1.51626882,43.52106959],[-1.51524397,43.52414659],[-1.51425035,43.52590564],[-1.51422469,43.5260518],[-1.51401446,43.52619753],[-1.51304449,43.52647854],[-1.51304555,43.5275473],[-1.51310849,43.52801691]]]]},"geometry_name":"geometrie","properties":{"cleabs":"IRIS____0000000640240102","code_insee":"64024","nom_commune":"Anglet","iris":"0102","code_iris":"640240102","nom_iris":"Brise-Lame-Lazaret-Montbrun-Pignada","type_iris":"H"}},{"type":"Feature","id":"contours_iris.3083","geometry":{"type":"MultiPolygon","coordinates":[[[[-1.47821218,43.53976174],[-1.47912054,43.53916279],[-1.48098371,43.53868749],[-1.48225062,43.53785831],[-1.48302496,43.53747934],[-1.48525651,43.5366625],[-1.48630063,43.53605877],[-1.48823503,43.53370864],[-1.48859824,43.53322139],[-1.49038165,43.53351882],[-1.49046813,43.53357923],[-1.49030167,43.53377897],[-1.4805194,43.54406868],[-1.48062541,43.54410936],[-1.48084505,43.54432017],[-1.48113961,43.54441163],[-1.48123341,43.54469253],[-1.48139378,43.54482649],[-1.47867224,43.54711617],[-1.4782835,43.54750081],[-1.47808468,43.54776315],[-1.47795076,43.54806337],[-1.47788638,43.54838144],[-1.47789058,43.54880032],[-1.47796718,43.54901975],[-1.47844158,43.54946246],[-1.4787164,43.54963405],[-1.47903632,43.54973259],[-1.4796804,43.5497934],[-1.47988444,43.54989942],[-1.47999504,43.55009401],[-1.47990384,43.55036994],[-1.47967731,43.55056313],[-1.47945629,43.55068401],[-1.47891786,43.550818],[-1.4786042,43.55081563],[-1.47838135,43.55107176],[-1.47815825,43.5511819],[-1.47777183,43.55129518],[-1.47796639,43.55167646],[-1.47773857,43.55175796],[-1.47752233,43.55203544],[-1.47741689,43.55209747],[-1.47655441,43.55209613],[-1.47511299,43.55223402],[-1.47271298,43.55226634],[-1.46606161,43.55926773],[-1.45571671,43.55505486],[-1.45316326,43.5505737],[-1.45327527,43.55014915],[-1.45291626,43.5497061],[-1.45242703,43.54937293],[-1.45229373,43.54877282],[-1.45167642,43.54811418],[-1.45151145,43.54769651],[-1.45131533,43.54751622],[-1.45104824,43.54747491],[-1.45092709,43.54738256],[-1.4510871,43.54720928],[-1.45272453,43.54627784],[-1.45371357,43.54566048],[-1.45383729,43.54572208],[-1.45411091,43.54576762],[-1.45433655,43.54575384],[-1.45462049,43.54566108],[-1.45601498,43.54428268],[-1.45628264,43.54407613],[-1.4564255,43.54403331],[-1.45669136,43.54402689],[-1.45685609,43.54407419],[-1.45734105,43.54435254],[-1.457853,43.5443405],[-1.45782064,43.54393992],[-1.45789942,43.54390153],[-1.4578711,43.54380807],[-1.45818599,43.54331661],[-1.45838858,43.54310191],[-1.45838032,43.54282019],[-1.45870766,43.54194702],[-1.45883211,43.54189054],[-1.45964434,43.54193283],[-1.45975276,43.54189323],[-1.45980581,43.54195413],[-1.46020616,43.54202057],[-1.46091678,43.54220581],[-1.46090641,43.54415997],[-1.4609488,43.54419517],[-1.46096817,43.54471525],[-1.46102718,43.54486872],[-1.46139239,43.5450087],[-1.46189856,43.54512935],[-1.46358569,43.54539696],[-1.46436219,43.54574348],[-1.46477741,43.54587328],[-1.46622518,43.54604166],[-1.46665401,43.54604382],[-1.46712457,43.54591359],[-1.46737268,43.54591779],[-1.46742107,43.5458392],[-1.46787296,43.54561241],[-1.46849863,43.54515136],[-1.47047241,43.54396157],[-1.47080007,43.54368312],[-1.47145919,43.54292058],[-1.4735218,43.54198209],[-1.47396203,43.54187652],[-1.47487677,43.5417874],[-1.4752368,43.54168603],[-1.47540822,43.54158073],[-1.47555066,43.54142165],[-1.47582551,43.54075245],[-1.47592775,43.54063378],[-1.47623948,43.54050106],[-1.47734504,43.54031753],[-1.47752517,43.54026053],[-1.47803145,43.53995395],[-1.47824667,43.53979096],[-1.47821218,43.53976174]]]]},"geometry_name":"geometrie","properties":{"cleabs":"IRIS____0000000403120102","code_insee":"40312","nom_commune":"Tarnos","iris":"0102","code_iris":"403120102","nom_iris":"Centre 1","type_iris":"H"}},{"type":"Feature","id":"contours_iris.3517","geometry":{"type":"MultiPolygon","coordinates":[[[[-1.46396206,43.52708154],[-1.46464767,43.52223482],[-1.46460388,43.52149678],[-1.46420988,43.52030005],[-1.46422051,43.51952913],[-1.46441259,43.51898954],[-1.46577771,43.51632176],[-1.46848661,43.51688868],[-1.4691198,43.51652825],[-1.46928327,43.51633767],[-1.4692362,43.51600348],[-1.46934602,43.51588721],[-1.46967782,43.51585461],[-1.47019283,43.51612354],[-1.47026829,43.51596362],[-1.47038861,43.51602985],[-1.47063992,43.51601318],[-1.47072405,43.51586913],[-1.47099842,43.51591008],[-1.47110977,43.51576581],[-1.47121817,43.51593345],[-1.47132372,43.51593721],[-1.47118535,43.51568699],[-1.47123917,43.5156307],[-1.47135047,43.51567657],[-1.47142228,43.51559701],[-1.47139232,43.51546668],[-1.47148242,43.51546296],[-1.47132909,43.5152431],[-1.47142021,43.51518888],[-1.47155575,43.51521212],[-1.47174577,43.51547373],[-1.47193446,43.51549568],[-1.4720065,43.51533951],[-1.4718576,43.51524022],[-1.47199722,43.5151092],[-1.47215317,43.51520369],[-1.47214375,43.51492382],[-1.47232525,43.51499654],[-1.47242986,43.51514722],[-1.47317418,43.51467223],[-1.47362798,43.51469586],[-1.47395029,43.51452575],[-1.47418545,43.51461968],[-1.47434461,43.5145329],[-1.47446113,43.51458216],[-1.47523942,43.51392372],[-1.47651067,43.51368018],[-1.47681785,43.51374499],[-1.47775471,43.51358013],[-1.48299411,43.51326891],[-1.48313239,43.51332718],[-1.48313581,43.51367218],[-1.48370748,43.51373054],[-1.48429535,43.51410723],[-1.48485151,43.51423652],[-1.48547123,43.51397477],[-1.48580422,43.51370415],[-1.48604545,43.51335263],[-1.48594244,43.51308023],[-1.48650126,43.51267321],[-1.4867251,43.51211513],[-1.48726679,43.51194852],[-1.48708104,43.51312051],[-1.48687724,43.51334883],[-1.48539545,43.51565136],[-1.4848818,43.51733437],[-1.48479217,43.51872316],[-1.48515398,43.52008878],[-1.48560007,43.52254853],[-1.48573253,43.52359381],[-1.4856969,43.52494434],[-1.48562145,43.52513581],[-1.48540775,43.52533299],[-1.48462758,43.52573025],[-1.48357387,43.52605049],[-1.48227584,43.52657278],[-1.4817204,43.52700938],[-1.48053587,43.52770088],[-1.47997333,43.52796744],[-1.47974015,43.52839162],[-1.47932795,43.52869612],[-1.47919962,43.52870232],[-1.47917334,43.52877821],[-1.47911828,43.52878679],[-1.47881261,43.52877419],[-1.4766913,43.52850855],[-1.4758072,43.52836843],[-1.47433828,43.52805057],[-1.47346491,43.5279208],[-1.47284756,43.52777055],[-1.47248967,43.52773936],[-1.47172144,43.527735],[-1.46977756,43.52790168],[-1.46847409,43.52792658],[-1.46845296,43.52797341],[-1.46835881,43.527989],[-1.46825748,43.5279283],[-1.46612296,43.52795317],[-1.46553722,43.52792233],[-1.46523971,43.52780752],[-1.46456883,43.52743053],[-1.46412625,43.52726582],[-1.46410371,43.52718295],[-1.46396206,43.52708154]]]]},"geometry_name":"geometrie","properties":{"cleabs":"IRIS____0000000641400102","code_insee":"64140","nom_commune":"Boucau","iris":"0102","code_iris":"641400102","nom_iris":"Haut Boucau","type_iris":"H"}},{"type":"Feature","id":"contours_iris.3833","geometry":{"type":"MultiPolygon","coordinates":[[[[-1.55656016,43.48181943],[-1.55775393,43.48184401],[-1.55916156,43.48209928],[-1.55885522,43.48241858],[-1.55881914,43.48321135],[-1.55873775,43.48340222],[-1.55806944,43.48396385],[-1.55758219,43.48418712],[-1.556932,43.48489938],[-1.55661474,43.48512811],[-1.55613173,43.48517095],[-1.55481688,43.48518119],[-1.54957647,43.48533652],[-1.54948516,43.48530881],[-1.54906754,43.48478654],[-1.54885601,43.48466295],[-1.54721807,43.48426581],[-1.54681251,43.48411431],[-1.54659852,43.48389709],[-1.54630032,43.48313189],[-1.54252007,43.48163862],[-1.54118424,43.48102235],[-1.54121802,43.48087044],[-1.54314643,43.48063907],[-1.54382767,43.48066187],[-1.54516344,43.48079237],[-1.5455825,43.48088022],[-1.54809189,43.48174996],[-1.54957088,43.48204743],[-1.55035154,43.48215342],[-1.55102198,43.48218023],[-1.55153955,43.48215217],[-1.55317202,43.48191865],[-1.554206,43.4818166],[-1.55656016,43.48181943]]]]},"geometry_name":"geometrie","properties":{"cleabs":"IRIS____0000000641220102","code_insee":"64122","nom_commune":"Biarritz","iris":"0102","code_iris":"641220102","nom_iris":"Mairie-Marne","type_iris":"H"}},{"type":"Feature","id":"contours_iris.3863","geometry":{"type":"MultiPolygon","coordinates":[[[[-1.76176162,43.376545],[-1.76023848,43.37714561],[-1.75907608,43.37773123],[-1.75698311,43.37853893],[-1.75616951,43.37901003],[-1.75574683,43.37947203],[-1.75564935,43.37972777],[-1.75572732,43.37981897],[-1.75629421,43.37996528],[-1.75637351,43.38035654],[-1.75616091,43.38059481],[-1.75580411,43.38068801],[-1.75552361,43.38094189],[-1.7558886,43.38124668],[-1.75594251,43.38143538],[-1.75573091,43.38141674],[-1.75523893,43.38099586],[-1.75465372,43.38103151],[-1.75445555,43.38077165],[-1.75418303,43.38082329],[-1.75377154,43.38106219],[-1.7536792,43.3811708],[-1.75372744,43.38132099],[-1.75429735,43.38174295],[-1.75470235,43.38235242],[-1.75454587,43.38255217],[-1.75449459,43.38284373],[-1.75405946,43.3831107],[-1.75406324,43.38326105],[-1.75425984,43.38345699],[-1.75367063,43.38360907],[-1.75326341,43.38360083],[-1.7527441,43.3838661],[-1.75266916,43.38406586],[-1.75237923,43.38392179],[-1.75216713,43.38398699],[-1.75202159,43.38415471],[-1.75199022,43.3845977],[-1.75213656,43.38472376],[-1.75205677,43.38477503],[-1.75153736,43.38466537],[-1.75134441,43.38448368],[-1.75099339,43.38466223],[-1.75094456,43.38457966],[-1.75104184,43.38439604],[-1.75089442,43.38419703],[-1.75021228,43.38424142],[-1.74997001,43.38391138],[-1.74957197,43.38389462],[-1.7493966,43.38400056],[-1.74930767,43.38397112],[-1.74926939,43.38383671],[-1.74955856,43.38365728],[-1.74962915,43.38307557],[-1.74987363,43.38278905],[-1.7498623,43.3823975],[-1.75004649,43.38197934],[-1.74992944,43.3816393],[-1.74956637,43.38134252],[-1.74855447,43.38102916],[-1.7470586,43.38085511],[-1.74657377,43.38089442],[-1.74570352,43.38118948],[-1.745402,43.38094946],[-1.74495771,43.38089596],[-1.74511332,43.38083505],[-1.74508841,43.38068293],[-1.74442608,43.38017305],[-1.7440848,43.38005014],[-1.74349923,43.3801263],[-1.74331107,43.37964247],[-1.74299336,43.37953564],[-1.74287488,43.37941737],[-1.74239037,43.37938544],[-1.74178367,43.37959501],[-1.74038771,43.37949309],[-1.73987349,43.37953546],[-1.7394382,43.37986096],[-1.73908343,43.37984407],[-1.73876029,43.37994115],[-1.73863257,43.3801306],[-1.73779942,43.38057627],[-1.73736803,43.38069431],[-1.73705645,43.38108198],[-1.73686117,43.38094633],[-1.73647072,43.38090125],[-1.73573281,43.38101829],[-1.73551284,43.38088282],[-1.73506917,43.38085178],[-1.73458948,43.38071327],[-1.73448066,43.38060718],[-1.73374295,43.3808017],[-1.73382077,43.38099657],[-1.73375921,43.38099926],[-1.73359815,43.38039347],[-1.73381016,43.38026703],[-1.73395813,43.37996314],[-1.73438287,43.37971923],[-1.73400195,43.37974492],[-1.73373555,43.38026128],[-1.73315621,43.38012802],[-1.73311528,43.37967559],[-1.73330534,43.3793275],[-1.73385429,43.37891143],[-1.73301518,43.37770806],[-1.73300059,43.37688497],[-1.73425015,43.37586954],[-1.73592595,43.37429919],[-1.73649924,43.37396946],[-1.73689971,43.37362657],[-1.73755553,43.37345904],[-1.73832735,43.37277993],[-1.73903208,43.37238134],[-1.7397756,43.37218382],[-1.74122963,43.37152344],[-1.74253326,43.37128692],[-1.7435055,43.37152635],[-1.74504662,43.37171287],[-1.74502094,43.37156619],[-1.74515493,43.37130346],[-1.74602705,43.37119758],[-1.74603579,43.37040501],[-1.74590295,43.3703072],[-1.74596615,43.36990517],[-1.74574487,43.36916956],[-1.7459004,43.36861388],[-1.74640073,43.36789525],[-1.74621688,43.36695432],[-1.74598274,43.36654191],[-1.74611803,43.36639989],[-1.74712006,43.36653704],[-1.74764553,43.36649774],[-1.74793596,43.36630474],[-1.74804886,43.36596632],[-1.74829456,43.36586],[-1.74953801,43.36585404],[-1.75019189,43.36624799],[-1.75059894,43.36634546],[-1.75067988,43.36671231],[-1.75151455,43.36667743],[-1.75222869,43.36636485],[-1.75226513,43.36611811],[-1.75216044,43.36571806],[-1.75161246,43.36482648],[-1.75120954,43.36401595],[-1.75120675,43.36384754],[-1.75162094,43.36334357],[-1.75166328,43.36295868],[-1.7515006,43.36270898],[-1.7518809,43.36186943],[-1.75190485,43.36085808],[-1.75353466,43.35989329],[-1.75578852,43.36105499],[-1.75683201,43.36217257],[-1.75708073,43.3623572],[-1.75817494,43.36280292],[-1.7588144,43.36293249],[-1.75911754,43.36292365],[-1.76070748,43.36268691],[-1.76113293,43.36258886],[-1.76193077,43.36228875],[-1.76329356,43.36188983],[-1.76363125,43.36168659],[-1.76393862,43.36143061],[-1.76405934,43.36144151],[-1.76473236,43.36185706],[-1.7648272,43.36185378],[-1.76489279,43.36175085],[-1.76482927,43.3612075],[-1.7648846,43.36111493],[-1.76508558,43.36111058],[-1.76553178,43.36120356],[-1.76575792,43.36111518],[-1.76691157,43.36045867],[-1.76757375,43.3594462],[-1.76831163,43.35904955],[-1.76877717,43.35857118],[-1.76887865,43.35855859],[-1.76930916,43.35873066],[-1.768394,43.35929827],[-1.76754148,43.36001091],[-1.76707158,43.36052642],[-1.76674359,43.36098069],[-1.76628236,43.36185452],[-1.76580466,43.36337977],[-1.76563145,43.36430127],[-1.76573408,43.36665893],[-1.76566352,43.36737313],[-1.76548194,43.36804446],[-1.76576316,43.36809875],[-1.76545353,43.36873066],[-1.76513369,43.36919449],[-1.76507026,43.36939826],[-1.7649271,43.36942981],[-1.7648905,43.36948009],[-1.76492632,43.36956954],[-1.76480745,43.36968563],[-1.76468165,43.37007601],[-1.7645417,43.37022097],[-1.76435657,43.37026788],[-1.76423689,43.37034436],[-1.76363332,43.37094776],[-1.763562,43.3709518],[-1.76355426,43.3709927],[-1.7632009,43.3711714],[-1.76216361,43.37190835],[-1.76143451,43.37227934],[-1.7607485,43.37275297],[-1.76039206,43.37326796],[-1.75992791,43.37370567],[-1.7601384,43.37383069],[-1.76029006,43.37397633],[-1.76060038,43.3746359],[-1.7608846,43.37496496],[-1.76110317,43.3751428],[-1.76169572,43.37542043],[-1.76230798,43.3755629],[-1.76267391,43.37559544],[-1.76330794,43.37579193],[-1.76241107,43.3760919],[-1.76176162,43.376545]]],[[[-1.74453402,43.38253049],[-1.7452929,43.38310193],[-1.74538555,43.38326639],[-1.74514537,43.38318591],[-1.74469327,43.38323278],[-1.74453665,43.38317657],[-1.74453402,43.38253049]]],[[[-1.7562901,43.3837264],[-1.75612918,43.38384253],[-1.75585637,43.3837563],[-1.7560767,43.38353661],[-1.7562901,43.3837264]]],[[[-1.75473989,43.3838081],[-1.75482568,43.38393411],[-1.75466025,43.38411532],[-1.75441066,43.38408574],[-1.75454769,43.38375526],[-1.75473989,43.3838081]]]]},"geometry_name":"geometrie","properties":{"cleabs":"IRIS____0000000642600102","code_insee":"64260","nom_commune":"Hendaye","iris":"0102","code_iris":"642600102","nom_iris":"Moleres-Sopite","type_iris":"H"}},{"type":"Feature","id":"contours_iris.4079","geometry":{"type":"MultiPolygon","coordinates":[[[[-1.3515739,43.34389303],[-1.352037,43.34438523],[-1.35245404,43.34444772],[-1.35314814,43.34474592],[-1.35328561,43.34520888],[-1.35370046,43.34571563],[-1.35383396,43.34633823],[-1.35454757,43.34708972],[-1.35472132,43.34765664],[-1.35482633,43.34955075],[-1.35546835,43.35274946],[-1.35564313,43.35275864],[-1.35621336,43.35445292],[-1.35741665,43.35495131],[-1.35767472,43.35513101],[-1.35770163,43.35553537],[-1.35841019,43.35600595],[-1.35867874,43.35635641],[-1.35912856,43.35760054],[-1.35913626,43.3588598],[-1.35930478,43.35969903],[-1.35891576,43.3602526],[-1.35893151,43.36256388],[-1.35987622,43.36383582],[-1.3602541,43.36491167],[-1.36023358,43.36581438],[-1.36047376,43.36609932],[-1.36178342,43.36599333],[-1.36179073,43.36622009],[-1.36217752,43.3662234],[-1.36374562,43.36665927],[-1.36284307,43.36754172],[-1.36252759,43.36898432],[-1.36195811,43.3694713],[-1.36203117,43.36965306],[-1.36244666,43.37001832],[-1.36298283,43.37033005],[-1.36333171,43.37067997],[-1.36342469,43.37104292],[-1.36372177,43.3714589],[-1.36313459,43.37226646],[-1.36286582,43.372908],[-1.36248212,43.37332082],[-1.36207111,43.37395998],[-1.36233432,43.37441788],[-1.36301307,43.37483379],[-1.36377309,43.37589783],[-1.36418706,43.37583517],[-1.3646089,43.37597402],[-1.36650834,43.37761463],[-1.3676854,43.37775991],[-1.36899199,43.3781306],[-1.36931383,43.37831852],[-1.36985585,43.3783642],[-1.37022495,43.37865382],[-1.37048929,43.37867017],[-1.37124904,43.3789476],[-1.37168727,43.37944796],[-1.37248589,43.38013918],[-1.37257744,43.38049859],[-1.37232051,43.38105138],[-1.37250466,43.3811989],[-1.37250894,43.38138524],[-1.37265724,43.38156485],[-1.37266126,43.3816665],[-1.3724852,43.38178805],[-1.37270307,43.38203783],[-1.37360446,43.38209778],[-1.3735814,43.38259067],[-1.37412892,43.38277305],[-1.37422522,43.38296738],[-1.37442916,43.383115],[-1.37451109,43.38339641],[-1.37476547,43.38339513],[-1.37498135,43.38378103],[-1.37540802,43.38372233],[-1.37567163,43.38379365],[-1.37571936,43.38408005],[-1.37652406,43.38455746],[-1.37664609,43.38491112],[-1.37706306,43.38548801],[-1.37777306,43.385662],[-1.37787739,43.38674079],[-1.37810558,43.3867685],[-1.37817679,43.38695753],[-1.37839726,43.38688373],[-1.37893163,43.38699004],[-1.37878157,43.38720966],[-1.3788816,43.38732274],[-1.37915762,43.38726471],[-1.37903492,43.38756791],[-1.37911558,43.38778359],[-1.37927392,43.38773754],[-1.37940994,43.38782033],[-1.37944503,43.3879892],[-1.37993057,43.38810289],[-1.37995923,43.38838194],[-1.38036424,43.38826553],[-1.38064929,43.38840716],[-1.38076814,43.38873482],[-1.38111478,43.38863068],[-1.3811832,43.38870179],[-1.38100666,43.38912521],[-1.3808592,43.38920056],[-1.38051707,43.3892018],[-1.38045624,43.38927905],[-1.38113064,43.38958511],[-1.38164855,43.39001013],[-1.38155645,43.39009856],[-1.38160243,43.39034537],[-1.38146974,43.39042013],[-1.38214813,43.39071341],[-1.38211843,43.39100474],[-1.38243813,43.39113054],[-1.38222498,43.39123559],[-1.38218269,43.39145895],[-1.38187695,43.39145151],[-1.38159638,43.39206656],[-1.38238722,43.3921976],[-1.38269064,43.3925313],[-1.38310136,43.39266783],[-1.38332259,43.39279853],[-1.38328483,43.39312983],[-1.38335743,43.39327195],[-1.3836174,43.39329475],[-1.38379437,43.39349301],[-1.38474838,43.39372195],[-1.38504654,43.39388916],[-1.38491948,43.3942322],[-1.38502413,43.39476226],[-1.38497589,43.39481017],[-1.38472138,43.39459973],[-1.38462811,43.39465668],[-1.38412736,43.39568972],[-1.38395114,43.39579327],[-1.38366447,43.39582561],[-1.38403991,43.39606629],[-1.3842652,43.39633106],[-1.38427705,43.39664864],[-1.38394016,43.39688125],[-1.38390765,43.39698979],[-1.38435016,43.39720251],[-1.38430158,43.39737568],[-1.38455439,43.39759609],[-1.3844284,43.39774266],[-1.38475539,43.39775283],[-1.38555029,43.39804948],[-1.3857636,43.39786513],[-1.3854329,43.39770915],[-1.3854689,43.3976302],[-1.38586295,43.39753133],[-1.38661814,43.39761514],[-1.38691962,43.39782547],[-1.3870481,43.39816535],[-1.3873148,43.39824373],[-1.3873262,43.39863612],[-1.38752255,43.39871556],[-1.38823732,43.39877126],[-1.3885472,43.39944797],[-1.38878202,43.39944836],[-1.38900852,43.39919409],[-1.38928011,43.39948221],[-1.38958068,43.39990701],[-1.39046975,43.40028721],[-1.39071698,43.40046639],[-1.39044129,43.40085331],[-1.39016735,43.40105274],[-1.38998343,43.40137917],[-1.39044261,43.40150199],[-1.39100323,43.40207933],[-1.39155775,43.40212349],[-1.39171135,43.40225782],[-1.39159456,43.40252476],[-1.3911321,43.40294179],[-1.39131133,43.40326609],[-1.39126357,43.40335273],[-1.39089567,43.403665],[-1.39088687,43.40387349],[-1.39122663,43.40476254],[-1.39117203,43.40537475],[-1.39049578,43.40577612],[-1.39029013,43.40597999],[-1.39031319,43.40637911],[-1.39055724,43.4071477],[-1.39036698,43.40729418],[-1.38984938,43.4073296],[-1.38980389,43.40752697],[-1.38941217,43.40755998],[-1.38934647,43.40762212],[-1.38933465,43.40783974],[-1.38965236,43.4081323],[-1.38946931,43.40856772],[-1.38936555,43.40864942],[-1.38904013,43.40853107],[-1.38871623,43.40851357],[-1.38826259,43.40883652],[-1.38760962,43.40855575],[-1.38744836,43.40856409],[-1.38606346,43.40897615],[-1.38552448,43.40887726],[-1.38448393,43.40934832],[-1.38337203,43.40907801],[-1.38360497,43.40941007],[-1.38351866,43.40963972],[-1.38331831,43.40978389],[-1.38295066,43.40982492],[-1.38246638,43.41021666],[-1.38274552,43.41050629],[-1.38278146,43.41071838],[-1.38232879,43.41082772],[-1.38188105,43.41083955],[-1.38153105,43.4110961],[-1.38118947,43.41157666],[-1.38103715,43.41215679],[-1.38083493,43.41237401],[-1.3808276,43.41263471],[-1.38096676,43.41287145],[-1.38013942,43.41318967],[-1.37920866,43.41413017],[-1.37838457,43.41444284],[-1.37798675,43.41481845],[-1.377148,43.41503619],[-1.37670142,43.41538853],[-1.37686159,43.41562533],[-1.37728203,43.4159363],[-1.37786294,43.41617951],[-1.37821782,43.41624624],[-1.37937647,43.41625252],[-1.37966394,43.4160832],[-1.37989185,43.4157487],[-1.38012919,43.41561926],[-1.3814207,43.4159418],[-1.3819021,43.41619262],[-1.38260989,43.41711094],[-1.38289304,43.41789058],[-1.38368447,43.41909474],[-1.38400782,43.41936367],[-1.38472291,43.41951761],[-1.38527947,43.4201375],[-1.38525421,43.42024394],[-1.38507286,43.4203459],[-1.38510094,43.42048712],[-1.38448086,43.42028248],[-1.38425931,43.42027885],[-1.38405057,43.42039453],[-1.38398855,43.42052138],[-1.38408461,43.42090584],[-1.38448411,43.42120051],[-1.3841965,43.4213356],[-1.38382603,43.42101633],[-1.38371163,43.42102366],[-1.38360359,43.42114698],[-1.38342142,43.42161118],[-1.38354584,43.42230264],[-1.38334797,43.42246384],[-1.38328608,43.42264114],[-1.38349525,43.42280657],[-1.38426304,43.42313228],[-1.38514072,43.42335892],[-1.38587256,43.423359],[-1.38680115,43.42316729],[-1.38684341,43.4233647],[-1.3871427,43.42359315],[-1.38770878,43.42364048],[-1.38800304,43.42420792],[-1.38814135,43.42423836],[-1.38843815,43.42415874],[-1.38859282,43.42420924],[-1.38895439,43.42470276],[-1.38875019,43.42507236],[-1.38903031,43.42517904],[-1.38906612,43.42525958],[-1.38864478,43.42597498],[-1.38835072,43.42615539],[-1.38555991,43.42648837],[-1.38458759,43.42717742],[-1.38102775,43.42841904],[-1.37951219,43.42981662],[-1.37997149,43.43042516],[-1.38009322,43.43088697],[-1.38008289,43.43230923],[-1.37985162,43.43289255],[-1.37848967,43.43374418],[-1.37778398,43.43405655],[-1.37712081,43.4341969],[-1.37654949,43.43417945],[-1.37597,43.43436327],[-1.37550285,43.43475608],[-1.37476447,43.4349319],[-1.3742922,43.43517624],[-1.37355683,43.43537535],[-1.37260713,43.43539029],[-1.37201487,43.43563407],[-1.37169714,43.43587847],[-1.37164735,43.43628054],[-1.37109234,43.43644532],[-1.37086986,43.43667416],[-1.37048954,43.43684359],[-1.37038213,43.43702453],[-1.36998195,43.43717674],[-1.36981165,43.43770172],[-1.37002643,43.43764799],[-1.37019378,43.43775116],[-1.37005926,43.43786832],[-1.36977901,43.43790667],[-1.36974585,43.4379909],[-1.36994216,43.43811723],[-1.3696978,43.43815593],[-1.36947485,43.43834604],[-1.36939881,43.43905372],[-1.36949117,43.43917884],[-1.36944617,43.43949782],[-1.36955302,43.43974851],[-1.36892408,43.4398685],[-1.3687458,43.4402235],[-1.36890712,43.44037737],[-1.36859916,43.44055559],[-1.36353263,43.43972013],[-1.35887143,43.43764002],[-1.35889129,43.43747793],[-1.35772028,43.43734668],[-1.35761999,43.43726331],[-1.35745568,43.43731408],[-1.34250416,43.43583984],[-1.33605043,43.43471459],[-1.33576264,43.43407919],[-1.33569976,43.43401593],[-1.33545526,43.43405276],[-1.33577131,43.43352201],[-1.33610495,43.43265088],[-1.3359111,43.43162158],[-1.33583667,43.43161825],[-1.33552694,43.43146217],[-1.33498704,43.43141802],[-1.33477182,43.43141673],[-1.33405957,43.43152995],[-1.33377546,43.43186118],[-1.3339755,43.43225142],[-1.33430359,43.43247074],[-1.33294683,43.43297287],[-1.33219225,43.43291837],[-1.33088922,43.43249298],[-1.33011374,43.43201313],[-1.32992585,43.43140616],[-1.3292472,43.43071791],[-1.32791424,43.42964765],[-1.32733873,43.42885075],[-1.32725164,43.42805504],[-1.32654131,43.42656704],[-1.32595293,43.42630494],[-1.32542719,43.42577454],[-1.32393534,43.42513678],[-1.32349753,43.42488757],[-1.32267812,43.42428149],[-1.32249372,43.42409785],[-1.32228135,43.4233612],[-1.32229594,43.4231606],[-1.32240618,43.42294986],[-1.32284847,43.42255198],[-1.32286763,43.42242867],[-1.32271304,43.42196723],[-1.3219165,43.42067818],[-1.32160346,43.42024649],[-1.32142957,43.419857],[-1.32145594,43.41945139],[-1.32182099,43.41820696],[-1.3219763,43.41803677],[-1.32241442,43.41773186],[-1.31982705,43.41810547],[-1.31627,43.41720315],[-1.31677843,43.41468983],[-1.31658968,43.41452977],[-1.31409962,43.4139254],[-1.31322449,43.41306741],[-1.31333155,43.41301179],[-1.31314466,43.41177227],[-1.3134757,43.41181944],[-1.31387355,43.41181799],[-1.31509575,43.41166835],[-1.31621598,43.41142816],[-1.31668149,43.41127444],[-1.31745422,43.41111387],[-1.31775097,43.410984],[-1.31794656,43.41084014],[-1.31809785,43.41058363],[-1.31803544,43.41044377],[-1.31783977,43.41035607],[-1.31529059,43.40947208],[-1.315124,43.40980489],[-1.31450151,43.40957923],[-1.3147768,43.40917993],[-1.31449435,43.40908848],[-1.31421134,43.40889074],[-1.31458154,43.40822456],[-1.31485002,43.40826161],[-1.31479674,43.40788082],[-1.31399732,43.40771808],[-1.31357736,43.40757265],[-1.31375932,43.40737889],[-1.31399615,43.40720817],[-1.31434524,43.40708433],[-1.31481495,43.40700343],[-1.3150696,43.4069221],[-1.31523981,43.40681891],[-1.3153259,43.40671456],[-1.31555258,43.40660641],[-1.31573042,43.40653895],[-1.31592948,43.40652381],[-1.31556699,43.40640312],[-1.31546766,43.40611696],[-1.31532994,43.40594496],[-1.31584932,43.40581793],[-1.31605795,43.40581501],[-1.31642768,43.40606515],[-1.31688731,43.40622881],[-1.31718606,43.40612589],[-1.31749432,43.40590276],[-1.31787274,43.40572548],[-1.31798574,43.40555159],[-1.31799546,43.40530253],[-1.31806144,43.40517736],[-1.31870036,43.40463469],[-1.31877971,43.4042432],[-1.31905626,43.40389429],[-1.31915898,43.40360008],[-1.31938085,43.40349391],[-1.31962199,43.40354555],[-1.31913748,43.4032973],[-1.31779609,43.40309136],[-1.31761361,43.40286619],[-1.31761296,43.40252835],[-1.31731764,43.40246265],[-1.31681108,43.40266126],[-1.31626535,43.40240372],[-1.31631141,43.4022271],[-1.31655457,43.40199305],[-1.31659903,43.40177864],[-1.31657206,43.40160043],[-1.31667614,43.40155483],[-1.31662699,43.40126217],[-1.31676061,43.40118205],[-1.31662463,43.4009343],[-1.31661893,43.40052909],[-1.3165078,43.4005137],[-1.31688311,43.40004824],[-1.31701548,43.39937533],[-1.3173457,43.39900086],[-1.31804831,43.39848448],[-1.31831041,43.39819021],[-1.31802697,43.39792042],[-1.31805813,43.3976606],[-1.31743922,43.39733302],[-1.31739335,43.39759433],[-1.31689105,43.3976351],[-1.31635602,43.39727263],[-1.31653294,43.39678174],[-1.31693617,43.39647464],[-1.31642828,43.39632552],[-1.31586893,43.39629738],[-1.31591985,43.39605389],[-1.31555461,43.39553328],[-1.31580241,43.39511435],[-1.31504293,43.39465812],[-1.3142637,43.39441621],[-1.31436351,43.39426446],[-1.31366445,43.39400403],[-1.31356414,43.39393505],[-1.31403391,43.39365864],[-1.31399657,43.39352318],[-1.31412465,43.39336941],[-1.31415472,43.39322676],[-1.31408182,43.3930783],[-1.31352103,43.39273397],[-1.31337589,43.39256137],[-1.31389766,43.39210539],[-1.31437073,43.3919721],[-1.31460383,43.39195019],[-1.31472353,43.39199767],[-1.31480475,43.39194397],[-1.31492777,43.39154174],[-1.31485205,43.39133934],[-1.31485037,43.39102046],[-1.31462798,43.39078967],[-1.31463085,43.39067964],[-1.31479409,43.3904677],[-1.31482346,43.3908098],[-1.31517962,43.39092984],[-1.31541233,43.39088632],[-1.31549919,43.39033146],[-1.31549743,43.38989636],[-1.31529522,43.38884758],[-1.31532977,43.38861646],[-1.31512482,43.38833813],[-1.31501833,43.38830183],[-1.31486592,43.38814754],[-1.31451583,43.38753172],[-1.31411419,43.38711798],[-1.31355208,43.3862115],[-1.31350437,43.38588815],[-1.31353133,43.38565463],[-1.31341951,43.38561314],[-1.31337881,43.38554809],[-1.31342165,43.38542745],[-1.31349409,43.38538853],[-1.31317543,43.38454892],[-1.31289325,43.38325647],[-1.31293198,43.38233954],[-1.3128416,43.38233684],[-1.31276559,43.38227861],[-1.31097843,43.38262825],[-1.31011677,43.38263557],[-1.30955697,43.38279753],[-1.30826713,43.38328948],[-1.30770128,43.38342014],[-1.30689962,43.38351964],[-1.30532397,43.38379139],[-1.30525647,43.38361569],[-1.30503953,43.38258191],[-1.30504989,43.38225806],[-1.30517003,43.3819983],[-1.30517502,43.38185034],[-1.3053388,43.38181049],[-1.30649255,43.38100234],[-1.30716262,43.38079546],[-1.30782125,43.38048543],[-1.30846247,43.38035537],[-1.30874548,43.3801594],[-1.30921991,43.37974858],[-1.30928274,43.37956498],[-1.30925014,43.37932753],[-1.30928512,43.3792009],[-1.30960062,43.37905949],[-1.30968843,43.37897851],[-1.30983463,43.3787042],[-1.30993547,43.37843439],[-1.30993456,43.37829028],[-1.30978395,43.37787913],[-1.3098527,43.37782414],[-1.31002957,43.37781078],[-1.31062933,43.37798509],[-1.31121555,43.37848968],[-1.31157119,43.37852146],[-1.31164418,43.3784735],[-1.31162487,43.37843012],[-1.31133676,43.37827763],[-1.31020772,43.37741897],[-1.309959,43.37729734],[-1.30962382,43.37720889],[-1.3091321,43.37714109],[-1.30874658,43.37715555],[-1.30844635,43.37723689],[-1.30835969,43.37738269],[-1.30847386,43.37781871],[-1.30844266,43.37792987],[-1.30834208,43.37798884],[-1.30822166,43.37794769],[-1.30792744,43.37766389],[-1.30552358,43.37807316],[-1.30407684,43.37793614],[-1.30337659,43.37797031],[-1.30259636,43.37667064],[-1.30154024,43.3763721],[-1.30159192,43.37620427],[-1.3014004,43.37521182],[-1.30129233,43.37495575],[-1.30103801,43.37464332],[-1.3006705,43.37446874],[-1.30048393,43.37433561],[-1.29950971,43.37291751],[-1.29912781,43.37248402],[-1.29885586,43.37236509],[-1.29784767,43.3722439],[-1.29759511,43.37215303],[-1.29744053,43.37205106],[-1.29729504,43.37185593],[-1.29728902,43.37139488],[-1.29723114,43.37126474],[-1.29709608,43.37114307],[-1.29657159,43.37093327],[-1.29641051,43.37152169],[-1.29540265,43.37110675],[-1.29587555,43.37095642],[-1.29586039,43.37038943],[-1.29613649,43.37010097],[-1.29611476,43.36985947],[-1.29574101,43.36976621],[-1.29578692,43.36943824],[-1.29588565,43.36942081],[-1.2956145,43.36865046],[-1.29542666,43.36869846],[-1.29533126,43.36864459],[-1.29549426,43.36828044],[-1.29586972,43.36799974],[-1.29591068,43.36791974],[-1.29554707,43.36791256],[-1.2950583,43.36803198],[-1.29494169,43.3680249],[-1.29506227,43.36780388],[-1.29553651,43.36747332],[-1.29553453,43.36743015],[-1.29452584,43.36720174],[-1.29441868,43.36713932],[-1.29408748,43.36678849],[-1.2939937,43.36665708],[-1.29398979,43.36648876],[-1.29415776,43.3664064],[-1.29451897,43.36636503],[-1.29421992,43.36574985],[-1.29407108,43.36557557],[-1.29371184,43.36531235],[-1.2934194,43.36529874],[-1.29357231,43.36504761],[-1.29359654,43.36485925],[-1.29353231,43.36472666],[-1.29269555,43.36455086],[-1.29253505,43.36448516],[-1.29201747,43.3644994],[-1.29227045,43.36376861],[-1.29258006,43.36343288],[-1.2926174,43.36312237],[-1.2924824,43.36276916],[-1.29228679,43.36254718],[-1.29173585,43.36234562],[-1.29154342,43.3621992],[-1.29139678,43.36185546],[-1.2914445,43.36151841],[-1.29165665,43.36134962],[-1.29202887,43.36137359],[-1.29222687,43.36119725],[-1.29293609,43.36093845],[-1.29331483,43.36068557],[-1.29364494,43.36060849],[-1.29379478,43.36074669],[-1.29402013,43.36070531],[-1.29424034,43.36008212],[-1.294226,43.35957546],[-1.29469824,43.35885487],[-1.29518931,43.35851913],[-1.29496488,43.358192],[-1.29432337,43.3577526],[-1.29544229,43.35706127],[-1.29768632,43.35649008],[-1.29797114,43.35612109],[-1.29850224,43.3557432],[-1.29958767,43.35516668],[-1.30048453,43.35479315],[-1.30075532,43.35494725],[-1.30216852,43.35459371],[-1.30293426,43.35451458],[-1.30487683,43.3538273],[-1.30614998,43.35312071],[-1.31028128,43.35234883],[-1.31074261,43.35199708],[-1.31139195,43.35184776],[-1.31143864,43.35158102],[-1.31162168,43.35142055],[-1.31160879,43.35111655],[-1.31206007,43.35109224],[-1.31420508,43.35128054],[-1.31438405,43.35114817],[-1.31781281,43.35138245],[-1.31932468,43.35160585],[-1.32219024,43.35122824],[-1.32262369,43.35124604],[-1.32384498,43.35090439],[-1.32765476,43.34682918],[-1.32820889,43.3468106],[-1.32974349,43.34653291],[-1.33066362,43.3464564],[-1.33135904,43.34647809],[-1.33179359,43.34683908],[-1.3328844,43.34722601],[-1.33311469,43.34754653],[-1.33699702,43.34626463],[-1.3394785,43.34615151],[-1.34717106,43.34605773],[-1.3515739,43.34389303]]]]},"geometry_name":"geometrie","properties":{"cleabs":"IRIS____0000000642560102","code_insee":"64256","nom_commune":"Hasparren","iris":"0102","code_iris":"642560102","nom_iris":"Ouest","type_iris":"H"}},{"type":"Feature","id":"contours_iris.4526","geometry":{"type":"MultiPolygon","coordinates":[[[[-1.65482304,43.38100963],[-1.66061866,43.38239385],[-1.66236825,43.38347646],[-1.6629676,43.3843464],[-1.66371549,43.38477737],[-1.65657878,43.38722254],[-1.65652826,43.38713279],[-1.65527961,43.38756776],[-1.65466789,43.38675778],[-1.65456444,43.38670095],[-1.6541869,43.38663159],[-1.65313219,43.38665354],[-1.65308578,43.38614096],[-1.65303567,43.38465075],[-1.65299948,43.38446306],[-1.65279253,43.38408896],[-1.6536648,43.38373691],[-1.65462706,43.38326022],[-1.65447881,43.38303139],[-1.65444318,43.38193437],[-1.65456048,43.38179595],[-1.654501,43.38173272],[-1.6545612,43.38151475],[-1.65482304,43.38100963]]]]},"geometry_name":"geometrie","properties":{"cleabs":"IRIS____0000000644830102","code_insee":"64483","nom_commune":"Saint-Jean-de-Luz","iris":"0102","code_iris":"644830102","nom_iris":"Urdazuri","type_iris":"H"}},{"type":"Feature","id":"contours_iris.4617","geometry":{"type":"MultiPolygon","coordinates":[[[[-1.59964792,43.414376],[-1.59993144,43.41234172],[-1.60060989,43.41059344],[-1.59838507,43.40088874],[-1.59722873,43.40058554],[-1.60129217,43.39591776],[-1.60339706,43.39400695],[-1.60452905,43.39271066],[-1.61220506,43.387666],[-1.61447989,43.38669573],[-1.61873844,43.38528745],[-1.61869372,43.38539209],[-1.61875986,43.38555418],[-1.61908341,43.38599815],[-1.61957022,43.38644416],[-1.62012793,43.38675737],[-1.6208272,43.38700235],[-1.62125432,43.38710486],[-1.62391925,43.38743883],[-1.62430175,43.38753963],[-1.62448903,43.38770194],[-1.62469384,43.38842043],[-1.62485431,43.38861813],[-1.62495505,43.38865708],[-1.62616951,43.38874662],[-1.62647611,43.38887139],[-1.62722249,43.38991636],[-1.62765728,43.39022128],[-1.62796723,43.39063337],[-1.62816576,43.39078168],[-1.63100995,43.39174314],[-1.63204259,43.39175299],[-1.63263877,43.39182118],[-1.63584786,43.39235596],[-1.63591059,43.39242897],[-1.63691209,43.39237432],[-1.63741129,43.3924196],[-1.63805551,43.39254698],[-1.63772088,43.39327056],[-1.63741934,43.3942054],[-1.6372242,43.39526455],[-1.63705339,43.39676334],[-1.63819638,43.39682247],[-1.63915565,43.39670293],[-1.63934995,43.39664503],[-1.63962772,43.39644206],[-1.63988584,43.39601104],[-1.64011622,43.39597142],[-1.6403458,43.39601384],[-1.64026329,43.39615526],[-1.64033334,43.39639557],[-1.64056597,43.39636847],[-1.64135463,43.396769],[-1.64203398,43.3969327],[-1.64263218,43.39702508],[-1.64310412,43.39728329],[-1.64336166,43.3971668],[-1.64354365,43.39715538],[-1.64407056,43.39725262],[-1.64453496,43.39727954],[-1.64785778,43.39536236],[-1.64803676,43.39563494],[-1.64805724,43.39599543],[-1.64743613,43.39679715],[-1.6469765,43.3971963],[-1.64689191,43.39738828],[-1.64718682,43.39830024],[-1.64773713,43.39925259],[-1.64775057,43.39951065],[-1.64761377,43.39988241],[-1.64876149,43.40007552],[-1.64919006,43.4002094],[-1.64999816,43.40084876],[-1.65045273,43.40127351],[-1.65068362,43.40157629],[-1.65099696,43.40219546],[-1.65121319,43.4023628],[-1.65147709,43.4024623],[-1.65177366,43.40252255],[-1.6521634,43.40254273],[-1.65446255,43.40240778],[-1.65516525,43.40227841],[-1.65632038,43.40179882],[-1.65633453,43.40185138],[-1.65714811,43.40161088],[-1.65750768,43.40156386],[-1.65947434,43.40156658],[-1.65956418,43.40154649],[-1.65960676,43.40149238],[-1.66009641,43.40154068],[-1.66092418,43.40152124],[-1.66176977,43.40130997],[-1.6620614,43.40114149],[-1.66275821,43.40051305],[-1.66286266,43.40026162],[-1.66286064,43.39994719],[-1.66272504,43.39964662],[-1.6621522,43.39915132],[-1.66222177,43.39901855],[-1.66231745,43.39894863],[-1.66339065,43.39895374],[-1.66391296,43.3988411],[-1.66448125,43.3988229],[-1.66458407,43.39887164],[-1.66459897,43.39914676],[-1.66473769,43.39940934],[-1.66506877,43.39937704],[-1.66535787,43.39943667],[-1.66693647,43.3992424],[-1.66695535,43.39932269],[-1.66478629,43.39955144],[-1.66419504,43.40010955],[-1.66376564,43.40014879],[-1.66298074,43.40058998],[-1.66279388,43.40075484],[-1.66276672,43.40095338],[-1.66252359,43.40100351],[-1.66232527,43.40114904],[-1.66222364,43.40137422],[-1.66114593,43.40201546],[-1.66113057,43.40278665],[-1.66133965,43.40292634],[-1.6608281,43.40324848],[-1.66050061,43.40327972],[-1.66025652,43.40310458],[-1.66006699,43.40312987],[-1.6598711,43.40303107],[-1.65952581,43.40311714],[-1.65929396,43.40290993],[-1.65907047,43.40300427],[-1.65878159,43.40299328],[-1.65810365,43.40327572],[-1.65776107,43.40394474],[-1.65747906,43.40414073],[-1.65728373,43.40415545],[-1.65666206,43.40394249],[-1.6564523,43.40394702],[-1.65621063,43.4040917],[-1.65635996,43.40431778],[-1.65618685,43.40454603],[-1.65595824,43.40450089],[-1.65583049,43.40423603],[-1.65523908,43.40413712],[-1.65455173,43.40485341],[-1.65397573,43.40499084],[-1.65348193,43.40527344],[-1.65201389,43.40540056],[-1.6516464,43.40547224],[-1.65157106,43.40554938],[-1.65127528,43.40551433],[-1.65105634,43.40563459],[-1.65089423,43.40555595],[-1.65027038,43.40562152],[-1.64995567,43.40548996],[-1.64970424,43.40549896],[-1.64951283,43.40521069],[-1.64925486,43.40506227],[-1.64855847,43.40508679],[-1.64811342,43.40491756],[-1.64740825,43.40480277],[-1.64580847,43.40482913],[-1.64369496,43.40577962],[-1.6419463,43.40682525],[-1.63910283,43.40818277],[-1.63872778,43.40782395],[-1.63803448,43.40744273],[-1.63809245,43.40724198],[-1.63786711,43.40705338],[-1.63779827,43.40711942],[-1.63795478,43.40722085],[-1.63798955,43.40749873],[-1.63849967,43.40784635],[-1.63888921,43.40830818],[-1.63854473,43.40845092],[-1.63810814,43.40876974],[-1.63734929,43.40953764],[-1.63728566,43.40974494],[-1.63744723,43.41046077],[-1.63746959,43.41128982],[-1.63731029,43.41173643],[-1.63697954,43.41208044],[-1.63654502,43.41231806],[-1.63596528,43.41242581],[-1.63559236,43.41261482],[-1.63494029,43.41273017],[-1.63279487,43.41244626],[-1.63169664,43.41240947],[-1.63064903,43.41263275],[-1.62961602,43.4130068],[-1.6285812,43.41368101],[-1.62821856,43.41409034],[-1.62795707,43.41458907],[-1.62798501,43.41547375],[-1.62832209,43.41574501],[-1.62858752,43.41666188],[-1.6286441,43.41716503],[-1.62853736,43.41748231],[-1.62792404,43.41738869],[-1.62749287,43.41714668],[-1.62714494,43.41712461],[-1.62679082,43.41717941],[-1.6262288,43.41749272],[-1.62511417,43.41834424],[-1.62435206,43.4190446],[-1.62395649,43.41959861],[-1.62381399,43.41964075],[-1.62362379,43.42024276],[-1.62324496,43.42048245],[-1.62263968,43.4213347],[-1.62220901,43.42134499],[-1.6219914,43.42122181],[-1.62166402,43.42120965],[-1.62048207,43.42159447],[-1.62043294,43.42113696],[-1.61985918,43.42035129],[-1.61968109,43.41976591],[-1.61980804,43.41920716],[-1.61889575,43.41893159],[-1.61778122,43.41878541],[-1.61755615,43.41829215],[-1.61660099,43.41762097],[-1.61614138,43.41740898],[-1.61423848,43.41719005],[-1.61392711,43.41709969],[-1.61321854,43.41711278],[-1.61297521,43.41720787],[-1.61214049,43.41700464],[-1.61161483,43.41673956],[-1.61130214,43.41609323],[-1.6111419,43.41596037],[-1.61087069,43.41615487],[-1.60534604,43.41519971],[-1.60531771,43.41530905],[-1.60452421,43.41521846],[-1.60455256,43.41507847],[-1.60379856,43.41500242],[-1.60347506,43.41509999],[-1.60249775,43.41496764],[-1.60178364,43.41495746],[-1.60090993,43.41508474],[-1.6004699,43.41496197],[-1.59964792,43.414376]]]]},"geometry_name":"geometrie","properties":{"cleabs":"IRIS____0000000644830103","code_insee":"64483","nom_commune":"Saint-Jean-de-Luz","iris":"0103","code_iris":"644830103","nom_iris":"Acotz","type_iris":"H"}},{"type":"Feature","id":"contours_iris.4641","geometry":{"type":"MultiPolygon","coordinates":[[[[-1.49205127,43.51194947],[-1.49089204,43.51658355],[-1.49138478,43.52114018],[-1.49513243,43.52372079],[-1.49685688,43.5248181],[-1.5017597,43.52711898],[-1.50092887,43.52848002],[-1.50083896,43.52908664],[-1.49625034,43.52905897],[-1.49404975,43.52849416],[-1.49272088,43.53018848],[-1.4902763,43.53141263],[-1.49133542,43.53217351],[-1.49038165,43.53351882],[-1.48859824,43.53322139],[-1.48823503,43.53370864],[-1.48657344,43.53328988],[-1.48663922,43.53302221],[-1.48658163,43.53266593],[-1.48665115,43.53230348],[-1.48695619,43.53176908],[-1.48482424,43.53135353],[-1.48502543,43.53039357],[-1.48510393,43.5294486],[-1.48541364,43.52949706],[-1.48555507,43.52945246],[-1.48548024,43.52930326],[-1.4849969,43.52882401],[-1.48465548,43.52860743],[-1.48446207,43.52835139],[-1.48412816,43.52850038],[-1.48303724,43.52867797],[-1.48199625,43.52897154],[-1.48160695,43.52902999],[-1.48006512,43.52890537],[-1.47935795,43.52879491],[-1.47937755,43.52874454],[-1.47932795,43.52869612],[-1.47974015,43.52839162],[-1.47997333,43.52796744],[-1.48053587,43.52770088],[-1.4817204,43.52700938],[-1.48227584,43.52657278],[-1.48357387,43.52605049],[-1.48462758,43.52573025],[-1.48540775,43.52533299],[-1.48562145,43.52513581],[-1.4856969,43.52494434],[-1.48573253,43.52359381],[-1.48560007,43.52254853],[-1.48515398,43.52008878],[-1.48479217,43.51872316],[-1.4848818,43.51733437],[-1.48539545,43.51565136],[-1.48687724,43.51334883],[-1.48708104,43.51312051],[-1.48726679,43.51194852],[-1.49205127,43.51194947]]]]},"geometry_name":"geometrie","properties":{"cleabs":"IRIS____0000000641400103","code_insee":"64140","nom_commune":"Boucau","iris":"0103","code_iris":"641400103","nom_iris":"Bas Boucau","type_iris":"H"}},{"type":"Feature","id":"contours_iris.4689","geometry":{"type":"MultiPolygon","coordinates":[[[[-1.69198295,43.38268399],[-1.69228424,43.38234828],[-1.69224822,43.38201279],[-1.6916902,43.38165489],[-1.69017532,43.38127541],[-1.68967441,43.3806023],[-1.6891473,43.38036561],[-1.68924638,43.38003507],[-1.6893646,43.37996957],[-1.68914889,43.37985455],[-1.68903602,43.37998562],[-1.68892772,43.37996057],[-1.68847157,43.37960906],[-1.68775163,43.37947715],[-1.68741919,43.37912748],[-1.68686442,43.37912719],[-1.68646338,43.3790121],[-1.68577811,43.37848665],[-1.68523166,43.37819401],[-1.68458892,43.37831198],[-1.68378385,43.37792329],[-1.68371573,43.37778475],[-1.68315426,43.37762612],[-1.68146183,43.37755252],[-1.68086685,43.37862187],[-1.68069083,43.37858443],[-1.67895673,43.37871265],[-1.67798596,43.37905115],[-1.67733306,43.3784062],[-1.67540717,43.37968629],[-1.67523706,43.37959992],[-1.67485713,43.37902966],[-1.67471006,43.37860344],[-1.67426542,43.37855958],[-1.67411703,43.37867955],[-1.67318367,43.37826208],[-1.67300939,43.37821554],[-1.67267288,43.37828596],[-1.67258451,43.37814108],[-1.67208774,43.37836802],[-1.6716421,43.37872252],[-1.67136032,43.37863016],[-1.67141096,43.37853875],[-1.67106155,43.37832855],[-1.67083342,43.37847088],[-1.67023258,43.37805524],[-1.66919563,43.37722857],[-1.66799931,43.37653854],[-1.66705992,43.37575631],[-1.66691027,43.37554107],[-1.66767842,43.37463917],[-1.66846555,43.37450425],[-1.66951128,43.3742374],[-1.67179966,43.37349689],[-1.67737002,43.37150593],[-1.67886188,43.37090787],[-1.68001542,43.37037309],[-1.68158951,43.36952631],[-1.68389267,43.36810629],[-1.68508841,43.3673173],[-1.68623047,43.3665216],[-1.68985586,43.36373198],[-1.69146802,43.36258329],[-1.69190379,43.36294378],[-1.69184224,43.36309786],[-1.69197415,43.36324624],[-1.69171824,43.36345561],[-1.69140279,43.36363151],[-1.6926652,43.36334421],[-1.69386869,43.36301619],[-1.69844087,43.36249583],[-1.70010687,43.36234139],[-1.70223627,43.3618874],[-1.70419021,43.3618862],[-1.70495474,43.36184031],[-1.70539051,43.36188262],[-1.70647092,43.36189326],[-1.71695056,43.36195827],[-1.71737575,43.36193161],[-1.71737473,43.3621903],[-1.71752132,43.36244165],[-1.71743124,43.36259338],[-1.71726112,43.36267291],[-1.71713936,43.36284494],[-1.71738974,43.36317197],[-1.71749996,43.3631906],[-1.71749472,43.36359367],[-1.71720037,43.36363445],[-1.71709233,43.36373289],[-1.71707128,43.3640186],[-1.71719818,43.36421043],[-1.71716973,43.36427025],[-1.71374871,43.36485026],[-1.71276918,43.36524264],[-1.71236327,43.36547482],[-1.71203031,43.36596428],[-1.71160573,43.36645141],[-1.71110496,43.36680759],[-1.71027764,43.36706804],[-1.70904943,43.3673054],[-1.70881613,43.36730745],[-1.70843594,43.36752228],[-1.7083145,43.36763842],[-1.70826354,43.36789117],[-1.70840585,43.3682716],[-1.70849207,43.3683138],[-1.708556,43.36843088],[-1.70871918,43.36900596],[-1.70870629,43.3693616],[-1.70913145,43.37010371],[-1.70915583,43.37026576],[-1.70907196,43.37049382],[-1.70875733,43.37092118],[-1.70847496,43.37125972],[-1.70779871,43.3719029],[-1.70771989,43.37205684],[-1.70734918,43.37345995],[-1.70731409,43.37386162],[-1.70737838,43.37426978],[-1.70707909,43.37465861],[-1.70724291,43.37490923],[-1.70711217,43.37495728],[-1.70650405,43.37537668],[-1.70596215,43.37583556],[-1.70593979,43.37590953],[-1.70573145,43.3759907],[-1.70519909,43.37630947],[-1.70418356,43.37711068],[-1.70413009,43.37722746],[-1.70416491,43.37753236],[-1.70410501,43.37797836],[-1.70339258,43.37869428],[-1.70308555,43.37939707],[-1.70295349,43.37950465],[-1.70262026,43.37962999],[-1.70231624,43.38005237],[-1.70231081,43.38031846],[-1.70255363,43.38062874],[-1.70254307,43.38077159],[-1.70225869,43.38087498],[-1.7020095,43.38077407],[-1.70171183,43.38077529],[-1.70116207,43.38100287],[-1.70041749,43.38138672],[-1.6995307,43.38175421],[-1.69926737,43.38176745],[-1.69876891,43.38168547],[-1.69851283,43.38171192],[-1.69813318,43.38195012],[-1.69779176,43.38209653],[-1.6973104,43.3822391],[-1.69633643,43.38273472],[-1.695386,43.38301932],[-1.69516954,43.38304675],[-1.69510701,43.38317383],[-1.69447461,43.38384295],[-1.69315766,43.38320979],[-1.69300493,43.38323083],[-1.69292201,43.38316864],[-1.69293151,43.38310334],[-1.69275694,43.38300818],[-1.69224384,43.38276189],[-1.69198295,43.38268399]]]]},"geometry_name":"geometrie","properties":{"cleabs":"IRIS____0000000645450103","code_insee":"64545","nom_commune":"Urrugne","iris":"0103","code_iris":"645450103","nom_iris":"Bourg Kechiloa","type_iris":"H"}},{"type":"Feature","id":"contours_iris.4746","geometry":{"type":"MultiPolygon","coordinates":[[[[-1.46096932,43.53312985],[-1.46194026,43.53314396],[-1.46191513,43.53272505],[-1.46329839,43.53288079],[-1.4644855,43.53309415],[-1.46448613,43.53324552],[-1.46492008,43.5333466],[-1.46480947,43.53351697],[-1.46493217,43.53359753],[-1.46528648,43.53345497],[-1.46539425,43.53345504],[-1.46544326,43.53357558],[-1.46575173,43.53351241],[-1.46613996,43.53358293],[-1.466368,43.53374385],[-1.46724796,43.53400498],[-1.46746295,43.5338231],[-1.46775282,43.53380755],[-1.46792025,43.53388987],[-1.46816442,43.53422585],[-1.46854525,43.53434443],[-1.46878823,43.53429927],[-1.46896665,43.53393415],[-1.46936468,43.53386007],[-1.46957996,43.53355471],[-1.47041392,43.53370237],[-1.47109934,43.5341373],[-1.47138298,43.53377145],[-1.47174095,43.53383508],[-1.47235337,43.53420724],[-1.47249327,43.53444478],[-1.47274669,43.53450191],[-1.47327953,43.53482237],[-1.47361811,43.53489131],[-1.47383475,43.53481028],[-1.47394771,43.53487681],[-1.47389388,43.53523499],[-1.47365393,43.53528725],[-1.47361397,43.53539434],[-1.47373957,43.53543241],[-1.47383561,43.53564743],[-1.47361336,43.53600625],[-1.47370211,43.53620716],[-1.47362859,43.53656705],[-1.47369395,43.53694465],[-1.4739263,43.53741449],[-1.47421955,43.53744204],[-1.4747781,43.53734509],[-1.47496871,43.53740661],[-1.4753683,43.53773347],[-1.47563509,43.53827938],[-1.47582928,43.53843448],[-1.47575969,43.53866985],[-1.47637565,43.53927705],[-1.47696897,43.53949857],[-1.47732192,43.53952906],[-1.47761092,43.53947026],[-1.47797694,43.53955698],[-1.47820902,43.53967356],[-1.47821218,43.53976174],[-1.47824667,43.53979096],[-1.47803145,43.53995395],[-1.47752517,43.54026053],[-1.47734504,43.54031753],[-1.47623948,43.54050106],[-1.47592775,43.54063378],[-1.47582551,43.54075245],[-1.47555066,43.54142165],[-1.47540822,43.54158073],[-1.4752368,43.54168603],[-1.47487677,43.5417874],[-1.47396203,43.54187652],[-1.4735218,43.54198209],[-1.47145919,43.54292058],[-1.47080007,43.54368312],[-1.47047241,43.54396157],[-1.46849863,43.54515136],[-1.46787296,43.54561241],[-1.46742107,43.5458392],[-1.46737268,43.54591779],[-1.46712457,43.54591359],[-1.46665401,43.54604382],[-1.46622518,43.54604166],[-1.46477741,43.54587328],[-1.46436219,43.54574348],[-1.46358569,43.54539696],[-1.46189856,43.54512935],[-1.46139239,43.5450087],[-1.46102718,43.54486872],[-1.46096817,43.54471525],[-1.4609488,43.54419517],[-1.46090641,43.54415997],[-1.46091678,43.54220581],[-1.46096932,43.53312985]]]]},"geometry_name":"geometrie","properties":{"cleabs":"IRIS____0000000403120103","code_insee":"40312","nom_commune":"Tarnos","iris":"0103","code_iris":"403120103","nom_iris":"Centre 2","type_iris":"H"}},{"type":"Feature","id":"contours_iris.5272","geometry":{"type":"MultiPolygon","coordinates":[[[[-1.5518298,43.47671034],[-1.55178303,43.47688533],[-1.55240308,43.47704221],[-1.55311405,43.47733135],[-1.55387219,43.47780954],[-1.55453977,43.47836274],[-1.55508599,43.47896159],[-1.5568991,43.48047592],[-1.55682158,43.48065311],[-1.55667061,43.48059097],[-1.55664825,43.48065229],[-1.55656016,43.48181943],[-1.554206,43.4818166],[-1.55317202,43.48191865],[-1.55153955,43.48215217],[-1.55102198,43.48218023],[-1.55035154,43.48215342],[-1.54957088,43.48204743],[-1.54809189,43.48174996],[-1.5455825,43.48088022],[-1.54516344,43.48079237],[-1.54382767,43.48066187],[-1.54314643,43.48063907],[-1.54121802,43.48087044],[-1.54112582,43.48073732],[-1.54138258,43.48010294],[-1.5415134,43.47992623],[-1.54207869,43.47939066],[-1.54253139,43.47905897],[-1.54413067,43.47810963],[-1.54448266,43.47821021],[-1.54468424,43.47814588],[-1.54483952,43.47821597],[-1.54506391,43.47817411],[-1.54519336,43.47807405],[-1.54521972,43.47801617],[-1.54516202,43.47789694],[-1.54498667,43.47785473],[-1.54525642,43.47718195],[-1.54543701,43.4765084],[-1.54554192,43.47583262],[-1.54553681,43.47545524],[-1.54568741,43.47532546],[-1.54566252,43.47519853],[-1.54548246,43.47501864],[-1.54545396,43.47487745],[-1.54553043,43.4740767],[-1.54571107,43.47407633],[-1.5458016,43.4746574],[-1.54595479,43.4749826],[-1.54618605,43.47530903],[-1.54620717,43.47548207],[-1.54646313,43.4756047],[-1.54695,43.47595555],[-1.54748518,43.47622867],[-1.54839154,43.47653216],[-1.54907395,43.47664859],[-1.55109982,43.47661845],[-1.5518298,43.47671034]]]]},"geometry_name":"geometrie","properties":{"cleabs":"IRIS____0000000641220103","code_insee":"64122","nom_commune":"Biarritz","iris":"0103","code_iris":"641220103","nom_iris":"Les Rocailles-Lahouze","type_iris":"H"}},{"type":"Feature","id":"contours_iris.5450","geometry":{"type":"MultiPolygon","coordinates":[[[[-1.76769548,43.34852675],[-1.76698446,43.34808316],[-1.76651079,43.34743353],[-1.76734647,43.34704158],[-1.76749791,43.34655904],[-1.76800866,43.34626974],[-1.76815184,43.34568753],[-1.76805467,43.34534935],[-1.76758095,43.34529544],[-1.7669474,43.3453991],[-1.76583713,43.34523357],[-1.76521231,43.34529357],[-1.76336641,43.345192],[-1.76299723,43.34504335],[-1.76247379,43.3446122],[-1.76201697,43.34409069],[-1.76237601,43.34407216],[-1.76326088,43.34370781],[-1.76425446,43.34318005],[-1.76482589,43.34317648],[-1.7661643,43.34283177],[-1.76685699,43.3425777],[-1.76896327,43.34218646],[-1.7719306,43.34229158],[-1.77254476,43.34274392],[-1.77357976,43.34332727],[-1.7759053,43.34392658],[-1.77634974,43.34417821],[-1.77679529,43.34456227],[-1.77707665,43.34496171],[-1.77721095,43.34567226],[-1.77715083,43.34683753],[-1.77724748,43.34745151],[-1.77740467,43.34773837],[-1.77770652,43.34798278],[-1.77805439,43.34809718],[-1.77880178,43.34812992],[-1.7815292,43.34812284],[-1.78310047,43.34838046],[-1.78381813,43.34864971],[-1.78541477,43.34991017],[-1.78436938,43.35067566],[-1.7839164,43.35106523],[-1.78282432,43.3517895],[-1.7820086,43.35248081],[-1.78156528,43.35274917],[-1.77786514,43.35568056],[-1.77696383,43.35650269],[-1.77661783,43.35670905],[-1.77626922,43.3568245],[-1.77630236,43.35703032],[-1.77578729,43.35707471],[-1.77441472,43.35732371],[-1.7742894,43.35553035],[-1.77518463,43.35414343],[-1.77546521,43.35392284],[-1.77562784,43.3538733],[-1.77567475,43.3537838],[-1.77558519,43.35365708],[-1.77621408,43.35296056],[-1.77576313,43.35276509],[-1.77528127,43.35288191],[-1.77481818,43.35245085],[-1.7746725,43.35237707],[-1.77414816,43.35265168],[-1.7739961,43.35269445],[-1.77354576,43.35267018],[-1.77298987,43.35226664],[-1.77272132,43.35196216],[-1.77220286,43.35171198],[-1.77210822,43.35173238],[-1.77205994,43.35167142],[-1.77190833,43.35166009],[-1.77086182,43.35135661],[-1.77047153,43.3513414],[-1.77028173,43.35137591],[-1.7699895,43.35071107],[-1.76975521,43.34995536],[-1.76966361,43.34984854],[-1.76936145,43.34961494],[-1.76876321,43.3492511],[-1.76864568,43.34909947],[-1.76769548,43.34852675]]]]},"geometry_name":"geometrie","properties":{"cleabs":"IRIS____0000000642600103","code_insee":"64260","nom_commune":"Hendaye","iris":"0103","code_iris":"642600103","nom_iris":"Orio","type_iris":"H"}},{"type":"Feature","id":"contours_iris.5527","geometry":{"type":"MultiPolygon","coordinates":[[[[-1.52750081,43.50153186],[-1.52621436,43.50421526],[-1.52488339,43.50517293],[-1.52468136,43.50540576],[-1.52389438,43.50657411],[-1.52222801,43.50825768],[-1.52171734,43.50869083],[-1.52022606,43.50975335],[-1.51869377,43.51092481],[-1.5186031,43.51099978],[-1.51861982,43.51105496],[-1.51856641,43.51111576],[-1.51846119,43.51110032],[-1.5173059,43.51209112],[-1.51706102,43.51240953],[-1.51684018,43.5129234],[-1.51596902,43.51554339],[-1.51604287,43.51563224],[-1.51594143,43.51568062],[-1.5157392,43.51627392],[-1.5156847,43.5166673],[-1.51569157,43.51732127],[-1.5159409,43.51849144],[-1.51155222,43.51923294],[-1.51009104,43.51936043],[-1.50938737,43.5195303],[-1.50866292,43.51982989],[-1.50799093,43.51997769],[-1.50774964,43.52009046],[-1.50770943,43.52017775],[-1.50713584,43.52047466],[-1.50673915,43.52062723],[-1.50603301,43.52068723],[-1.50343609,43.52027698],[-1.50342116,43.5205128],[-1.50332314,43.52073136],[-1.5032023,43.52089589],[-1.50296616,43.52109044],[-1.50196717,43.51983244],[-1.50183392,43.51953878],[-1.50166734,43.51643574],[-1.50019388,43.51302561],[-1.50018774,43.5122049],[-1.5002884,43.51146716],[-1.50023556,43.51104581],[-1.49942016,43.51002619],[-1.49950346,43.50995154],[-1.49945689,43.5098156],[-1.5007302,43.50900034],[-1.50207553,43.50746203],[-1.50225323,43.50712302],[-1.50220888,43.50703114],[-1.50227172,43.5070114],[-1.50234962,43.50688381],[-1.50278521,43.50648632],[-1.50336732,43.50517886],[-1.5037638,43.50458293],[-1.50393263,43.50368917],[-1.50454692,43.50367625],[-1.5049898,43.50346679],[-1.50540094,43.50332624],[-1.50572408,43.50275858],[-1.50591151,43.50259128],[-1.50964874,43.50205101],[-1.51310624,43.50184308],[-1.51523468,43.50198871],[-1.51543178,43.50186605],[-1.51552218,43.50185057],[-1.51611021,43.50181885],[-1.51754472,43.50162568],[-1.51805936,43.50166821],[-1.51832187,43.50177892],[-1.51860779,43.50176249],[-1.51954355,43.50187036],[-1.52231109,43.5016891],[-1.52458671,43.50206813],[-1.52510048,43.50211516],[-1.52599191,43.50203738],[-1.52651846,43.50193248],[-1.52674389,43.50182393],[-1.52708724,43.50146804],[-1.52722443,43.50141815],[-1.52733355,43.50140458],[-1.52737066,43.50146701],[-1.52750081,43.50153186]]]]},"geometry_name":"geometrie","properties":{"cleabs":"IRIS____0000000640240103","code_insee":"64024","nom_commune":"Anglet","iris":"0103","code_iris":"640240103","nom_iris":"Pignada","type_iris":"H"}},{"type":"Feature","id":"contours_iris.5929","geometry":{"type":"MultiPolygon","coordinates":[[[[-1.52793119,43.49402237],[-1.52850213,43.49393182],[-1.52926073,43.49372528],[-1.52895277,43.49390127],[-1.52888223,43.49397991],[-1.52890785,43.49443033],[-1.5288473,43.49455723],[-1.52892744,43.49458452],[-1.52909069,43.49478677],[-1.52925307,43.49488361],[-1.52915571,43.49554825],[-1.52898319,43.4960448],[-1.5289193,43.49609794],[-1.5289642,43.49614923],[-1.52796292,43.49734459],[-1.52785778,43.49759681],[-1.5278446,43.49840301],[-1.52766882,43.49907813],[-1.52782386,43.50063611],[-1.5277154,43.50109754],[-1.52750081,43.50153186],[-1.52737066,43.50146701],[-1.52733355,43.50140458],[-1.52722443,43.50141815],[-1.52708724,43.50146804],[-1.52674389,43.50182393],[-1.52651846,43.50193248],[-1.52599191,43.50203738],[-1.52510048,43.50211516],[-1.52458671,43.50206813],[-1.52231109,43.5016891],[-1.51954355,43.50187036],[-1.51860779,43.50176249],[-1.51832187,43.50177892],[-1.51805936,43.50166821],[-1.51754472,43.50162568],[-1.51611021,43.50181885],[-1.51552218,43.50185057],[-1.51543178,43.50186605],[-1.51523468,43.50198871],[-1.51310624,43.50184308],[-1.50964874,43.50205101],[-1.50591151,43.50259128],[-1.50572408,43.50275858],[-1.50540094,43.50332624],[-1.5049898,43.50346679],[-1.50454692,43.50367625],[-1.50393263,43.50368917],[-1.50362025,43.50365258],[-1.50363751,43.5032887],[-1.50344427,43.50271908],[-1.50354872,43.50250386],[-1.50386755,43.502323],[-1.50405813,43.50208528],[-1.50407845,43.50187086],[-1.50397376,43.5008677],[-1.5040666,43.50055204],[-1.50427928,43.5002332],[-1.5043994,43.50010745],[-1.50452583,43.50007786],[-1.50452911,43.50000924],[-1.50480898,43.49978943],[-1.50510179,43.49921403],[-1.50539512,43.49897654],[-1.50566972,43.49889483],[-1.5069062,43.49879745],[-1.50713729,43.49872926],[-1.50739137,43.49854386],[-1.50778924,43.49812449],[-1.50871919,43.49740271],[-1.50882586,43.49721624],[-1.50912438,43.49707675],[-1.50972072,43.49682033],[-1.51750049,43.49459657],[-1.51821213,43.49431186],[-1.51826321,43.49411147],[-1.51839637,43.4940104],[-1.51858778,43.49395736],[-1.51880884,43.49398238],[-1.51895036,43.49408191],[-1.52086786,43.49373697],[-1.52176908,43.49367503],[-1.52296277,43.49374326],[-1.52668025,43.49409176],[-1.52721568,43.49408471],[-1.52793119,43.49402237]]]]},"geometry_name":"geometrie","properties":{"cleabs":"IRIS____0000000640240104","code_insee":"64024","nom_commune":"Anglet","iris":"0104","code_iris":"640240104","nom_iris":"Butte aux Cailles-Refuge-Montbrun","type_iris":"H"}},{"type":"Feature","id":"contours_iris.5958","geometry":{"type":"MultiPolygon","coordinates":[[[[-1.46232046,43.52981385],[-1.4616619,43.53066281],[-1.4612332,43.53142571],[-1.46098703,43.5323379],[-1.46096932,43.53312985],[-1.46091678,43.54220581],[-1.46020616,43.54202057],[-1.45980581,43.54195413],[-1.45975276,43.54189323],[-1.45964434,43.54193283],[-1.45883211,43.54189054],[-1.45870766,43.54194702],[-1.45838032,43.54282019],[-1.45838858,43.54310191],[-1.45818599,43.54331661],[-1.4578711,43.54380807],[-1.45789942,43.54390153],[-1.45782064,43.54393992],[-1.457853,43.5443405],[-1.45734105,43.54435254],[-1.45685609,43.54407419],[-1.45669136,43.54402689],[-1.4564255,43.54403331],[-1.45628264,43.54407613],[-1.45601498,43.54428268],[-1.45462049,43.54566108],[-1.45433655,43.54575384],[-1.45411091,43.54576762],[-1.45383729,43.54572208],[-1.45371357,43.54566048],[-1.45272453,43.54627784],[-1.4510871,43.54720928],[-1.45092709,43.54738256],[-1.45028395,43.54672587],[-1.45005228,43.54629471],[-1.44933646,43.54537156],[-1.44856956,43.54493983],[-1.44849989,43.54407307],[-1.4478162,43.5435478],[-1.44748275,43.54341729],[-1.44682387,43.54333978],[-1.44548478,43.54262149],[-1.44498507,43.54271137],[-1.44432533,43.54259062],[-1.44344461,43.54214369],[-1.44312985,43.5421584],[-1.44286075,43.5420748],[-1.44255536,43.54166647],[-1.44226327,43.54157391],[-1.44003013,43.5400424],[-1.43787408,43.53934576],[-1.4369202,43.5389126],[-1.43649086,43.53861476],[-1.43594439,43.53841994],[-1.43564725,43.53840597],[-1.43561662,43.5380738],[-1.43582467,43.53789677],[-1.43605247,43.53749455],[-1.43611329,43.53680719],[-1.43625715,43.53644085],[-1.43694726,43.53585029],[-1.43766817,43.53490522],[-1.43775314,43.53459446],[-1.43777625,43.53374013],[-1.43943691,43.53122193],[-1.44338435,43.53115934],[-1.44475336,43.53127624],[-1.44573182,43.53098831],[-1.44612067,43.53090748],[-1.44692406,43.53091778],[-1.44697621,43.53099945],[-1.44763235,43.53096352],[-1.44856294,43.53080909],[-1.44900894,43.53063489],[-1.44923265,43.53059687],[-1.45004892,43.53070936],[-1.45049464,43.5306433],[-1.4508479,43.53064682],[-1.45342605,43.53094286],[-1.45370065,43.53090635],[-1.45494855,43.53054778],[-1.45508653,43.53057005],[-1.45520045,43.53050589],[-1.45532272,43.53053331],[-1.4556895,43.53037585],[-1.45713113,43.53010392],[-1.45876331,43.52989352],[-1.45960773,43.5297146],[-1.46080411,43.52965006],[-1.46195466,43.5298244],[-1.46232046,43.52981385]]]]},"geometry_name":"geometrie","properties":{"cleabs":"IRIS____0000000403120104","code_insee":"40312","nom_commune":"Tarnos","iris":"0104","code_iris":"403120104","nom_iris":"Centre 3","type_iris":"H"}},{"type":"Feature","id":"contours_iris.6022","geometry":{"type":"MultiPolygon","coordinates":[[[[-1.61873844,43.38528745],[-1.61908333,43.38519702],[-1.61744843,43.37996079],[-1.61640076,43.37480313],[-1.61618162,43.37016252],[-1.61756395,43.36683861],[-1.61832116,43.36637732],[-1.61844657,43.36618542],[-1.61887313,43.36617531],[-1.61976092,43.36557145],[-1.61992539,43.36569689],[-1.62003171,43.36562116],[-1.62030346,43.36562126],[-1.62033015,43.36547683],[-1.62049781,43.36538045],[-1.62036345,43.36527625],[-1.62055123,43.36521506],[-1.62115392,43.36530645],[-1.62154457,43.3652492],[-1.6264602,43.36668896],[-1.62768529,43.36700871],[-1.6289651,43.36717921],[-1.62919005,43.36731917],[-1.62941365,43.36735015],[-1.62966038,43.36719269],[-1.63016719,43.36708988],[-1.63044306,43.36717179],[-1.63035686,43.367344],[-1.6305189,43.36742357],[-1.63073947,43.36738618],[-1.63106114,43.36719307],[-1.63136881,43.36724027],[-1.63169003,43.36714901],[-1.63200984,43.3672858],[-1.6327018,43.367212],[-1.63298092,43.36741091],[-1.63371166,43.36691369],[-1.63390063,43.36708221],[-1.63419042,43.36696886],[-1.63437861,43.36703559],[-1.63478043,43.36679488],[-1.63492447,43.36654359],[-1.63529737,43.36661862],[-1.63577137,43.36655323],[-1.63691436,43.36615997],[-1.63785415,43.36629538],[-1.63829598,43.36667384],[-1.63884027,43.36677575],[-1.63932114,43.36717866],[-1.63966531,43.36728014],[-1.64011779,43.36699398],[-1.64039034,43.36715711],[-1.64037275,43.36733719],[-1.64088897,43.36748896],[-1.64106847,43.36746323],[-1.64140717,43.36850757],[-1.6415251,43.36983173],[-1.64070014,43.37216242],[-1.64000612,43.37372781],[-1.64000577,43.3743974],[-1.64021818,43.37488663],[-1.64039706,43.37508262],[-1.6415164,43.37583391],[-1.64248587,43.3767178],[-1.64399193,43.37922869],[-1.64410423,43.37968617],[-1.64402735,43.38018783],[-1.64331749,43.38111318],[-1.64323479,43.38135915],[-1.64320135,43.381603],[-1.6434036,43.38207285],[-1.64387752,43.38232645],[-1.64467207,43.38238875],[-1.64534594,43.38230303],[-1.65152636,43.38094512],[-1.65246904,43.38082255],[-1.65339328,43.38080802],[-1.65482304,43.38100963],[-1.6545612,43.38151475],[-1.654501,43.38173272],[-1.65456048,43.38179595],[-1.65444318,43.38193437],[-1.65447881,43.38303139],[-1.65462706,43.38326022],[-1.6536648,43.38373691],[-1.65279253,43.38408896],[-1.65299948,43.38446306],[-1.65303567,43.38465075],[-1.65308578,43.38614096],[-1.65118945,43.38637484],[-1.65043346,43.38639293],[-1.65024101,43.38644266],[-1.65006827,43.38655283],[-1.64999839,43.38662072],[-1.64977256,43.38712879],[-1.649774,43.38748289],[-1.64972614,43.38762463],[-1.64945167,43.3879897],[-1.64911445,43.38818984],[-1.64887971,43.38838918],[-1.64875052,43.38862544],[-1.64859558,43.38860416],[-1.64784016,43.38976131],[-1.64779636,43.38992271],[-1.64779757,43.39030476],[-1.64774558,43.39045659],[-1.64761876,43.39056928],[-1.64718305,43.39066731],[-1.64701769,43.39079247],[-1.64696257,43.39090568],[-1.64696391,43.39115165],[-1.64712013,43.39144864],[-1.64682821,43.39158284],[-1.64662539,43.39164202],[-1.64650166,43.39164013],[-1.64580137,43.39155306],[-1.64537252,43.39153724],[-1.64458352,43.39179011],[-1.64294109,43.3920643],[-1.64184595,43.39268897],[-1.64147534,43.39281302],[-1.64054931,43.39282301],[-1.63805551,43.39254698],[-1.63741129,43.3924196],[-1.63691209,43.39237432],[-1.63591059,43.39242897],[-1.63584786,43.39235596],[-1.63263877,43.39182118],[-1.63204259,43.39175299],[-1.63100995,43.39174314],[-1.62816576,43.39078168],[-1.62796723,43.39063337],[-1.62765728,43.39022128],[-1.62722249,43.38991636],[-1.62647611,43.38887139],[-1.62616951,43.38874662],[-1.62495505,43.38865708],[-1.62485431,43.38861813],[-1.62469384,43.38842043],[-1.62448903,43.38770194],[-1.62430175,43.38753963],[-1.62391925,43.38743883],[-1.62125432,43.38710486],[-1.6208272,43.38700235],[-1.62012793,43.38675737],[-1.61957022,43.38644416],[-1.61908341,43.38599815],[-1.61875986,43.38555418],[-1.61869372,43.38539209],[-1.61873844,43.38528745]]]]},"geometry_name":"geometrie","properties":{"cleabs":"IRIS____0000000644830104","code_insee":"64483","nom_commune":"Saint-Jean-de-Luz","iris":"0104","code_iris":"644830104","nom_iris":"Chantaco","type_iris":"H"}},{"type":"Feature","id":"contours_iris.6124","geometry":{"type":"MultiPolygon","coordinates":[[[[-1.75353466,43.35989329],[-1.75331592,43.35966769],[-1.75345262,43.35937869],[-1.75431378,43.35873878],[-1.75475224,43.35827518],[-1.75515963,43.35730105],[-1.75695721,43.35621616],[-1.75911846,43.35587048],[-1.75952424,43.3556994],[-1.75961385,43.3555882],[-1.76018449,43.35466273],[-1.7605425,43.35291388],[-1.76049151,43.35252138],[-1.76017165,43.35195417],[-1.76017734,43.35166462],[-1.76034653,43.35118672],[-1.7607326,43.35074794],[-1.76183489,43.34990538],[-1.76366202,43.35006189],[-1.7643793,43.34979054],[-1.76473167,43.35004898],[-1.76409944,43.35058695],[-1.76487269,43.35134956],[-1.76555799,43.35110935],[-1.76649402,43.35092928],[-1.76693091,43.3509704],[-1.76720609,43.35029675],[-1.76736015,43.34932382],[-1.76769548,43.34852675],[-1.76864568,43.34909947],[-1.76876321,43.3492511],[-1.76936145,43.34961494],[-1.76966361,43.34984854],[-1.76975521,43.34995536],[-1.7699895,43.35071107],[-1.77028173,43.35137591],[-1.77047153,43.3513414],[-1.77086182,43.35135661],[-1.77190833,43.35166009],[-1.77205994,43.35167142],[-1.77210822,43.35173238],[-1.77220286,43.35171198],[-1.77272132,43.35196216],[-1.77298987,43.35226664],[-1.77354576,43.35267018],[-1.7739961,43.35269445],[-1.77414816,43.35265168],[-1.7746725,43.35237707],[-1.77481818,43.35245085],[-1.77528127,43.35288191],[-1.77576313,43.35276509],[-1.77621408,43.35296056],[-1.77558519,43.35365708],[-1.77567475,43.3537838],[-1.77562784,43.3538733],[-1.77546521,43.35392284],[-1.77518463,43.35414343],[-1.7742894,43.35553035],[-1.77441472,43.35732371],[-1.77154799,43.35786037],[-1.77052659,43.35817403],[-1.76984566,43.35845283],[-1.76930916,43.35873066],[-1.76887865,43.35855859],[-1.76877717,43.35857118],[-1.76831163,43.35904955],[-1.76757375,43.3594462],[-1.76691157,43.36045867],[-1.76575792,43.36111518],[-1.76553178,43.36120356],[-1.76508558,43.36111058],[-1.7648846,43.36111493],[-1.76482927,43.3612075],[-1.76489279,43.36175085],[-1.7648272,43.36185378],[-1.76473236,43.36185706],[-1.76405934,43.36144151],[-1.76393862,43.36143061],[-1.76363125,43.36168659],[-1.76329356,43.36188983],[-1.76193077,43.36228875],[-1.76113293,43.36258886],[-1.76070748,43.36268691],[-1.75911754,43.36292365],[-1.7588144,43.36293249],[-1.75817494,43.36280292],[-1.75708073,43.3623572],[-1.75683201,43.36217257],[-1.75578852,43.36105499],[-1.75353466,43.35989329]]]]},"geometry_name":"geometrie","properties":{"cleabs":"IRIS____0000000642600104","code_insee":"64260","nom_commune":"Hendaye","iris":"0104","code_iris":"642600104","nom_iris":"Gare-Joncaux","type_iris":"H"}},{"type":"Feature","id":"contours_iris.6519","geometry":{"type":"MultiPolygon","coordinates":[[[[-1.5635717,43.47447334],[-1.56431248,43.47423395],[-1.56500414,43.47393714],[-1.56619081,43.47314274],[-1.56644045,43.47301416],[-1.56652749,43.47314386],[-1.56670378,43.47313553],[-1.56670412,43.47366902],[-1.56659687,43.47420344],[-1.5661271,43.47565704],[-1.56579196,43.47654713],[-1.5655205,43.47693076],[-1.56558266,43.47705881],[-1.56544407,43.4772458],[-1.56542812,43.47751232],[-1.56511531,43.47795177],[-1.56484857,43.47859745],[-1.56465813,43.47859917],[-1.56458879,43.47869221],[-1.56146445,43.47840207],[-1.5613668,43.47829444],[-1.5597413,43.47825564],[-1.55710083,43.47766834],[-1.55658313,43.47721069],[-1.55647906,43.47683477],[-1.55666457,43.4764746],[-1.557179,43.47612673],[-1.55728932,43.47598871],[-1.55763044,43.47521917],[-1.5576622,43.47497992],[-1.55761453,43.47487829],[-1.55740427,43.47469248],[-1.55766692,43.4746652],[-1.5583281,43.47451392],[-1.55910724,43.47424321],[-1.56065846,43.47403371],[-1.56145093,43.47403999],[-1.56186901,43.47408456],[-1.56285026,43.47434873],[-1.5635717,43.47447334]]]]},"geometry_name":"geometrie","properties":{"cleabs":"IRIS____0000000641220104","code_insee":"64122","nom_commune":"Biarritz","iris":"0104","code_iris":"641220104","nom_iris":"République-Beau Rivage","type_iris":"H"}},{"type":"Feature","id":"contours_iris.6785","geometry":{"type":"MultiPolygon","coordinates":[[[[-1.53800028,43.48716664],[-1.54447981,43.49095306],[-1.54734244,43.49263622],[-1.54688355,43.49284383],[-1.54388793,43.49442312],[-1.53853685,43.49655613],[-1.53840111,43.49645187],[-1.53828483,43.49642159],[-1.53816913,43.49643004],[-1.53798646,43.4965152],[-1.53813251,43.49657757],[-1.53814896,43.49667601],[-1.53827017,43.49670608],[-1.53848947,43.49713126],[-1.5385833,43.49755089],[-1.53868296,43.49852991],[-1.5382056,43.49888064],[-1.53782182,43.49900576],[-1.53767919,43.49909645],[-1.5373476,43.4995375],[-1.53725111,43.49960101],[-1.53660128,43.49971203],[-1.53620822,43.50006463],[-1.53607622,43.50013324],[-1.53520587,43.50025799],[-1.53455003,43.50059094],[-1.53415851,43.50072809],[-1.53237684,43.50074134],[-1.5311123,43.50093842],[-1.53002633,43.50104511],[-1.5285576,43.50102359],[-1.52835367,43.50109069],[-1.5277961,43.50139877],[-1.52768527,43.50151605],[-1.52750081,43.50153186],[-1.5277154,43.50109754],[-1.52782386,43.50063611],[-1.52766882,43.49907813],[-1.5278446,43.49840301],[-1.52785778,43.49759681],[-1.52796292,43.49734459],[-1.5289642,43.49614923],[-1.5289193,43.49609794],[-1.52898319,43.4960448],[-1.52915571,43.49554825],[-1.52925307,43.49488361],[-1.52909069,43.49478677],[-1.52892744,43.49458452],[-1.5288473,43.49455723],[-1.52890785,43.49443033],[-1.52888223,43.49397991],[-1.52895277,43.49390127],[-1.52926073,43.49372528],[-1.53081336,43.49318093],[-1.53151508,43.49280283],[-1.53187228,43.49256079],[-1.53322974,43.49122252],[-1.536479,43.48735292],[-1.53726939,43.48728377],[-1.53800028,43.48716664]]]]},"geometry_name":"geometrie","properties":{"cleabs":"IRIS____0000000640240105","code_insee":"64024","nom_commune":"Anglet","iris":"0105","code_iris":"640240105","nom_iris":"Cinq Cantons-Golf","type_iris":"H"}},{"type":"Feature","id":"contours_iris.6927","geometry":{"type":"MultiPolygon","coordinates":[[[[-1.54447981,43.49095306],[-1.53800028,43.48716664],[-1.53543542,43.48567356],[-1.53520353,43.4810287],[-1.53586035,43.48086782],[-1.53753598,43.48028758],[-1.53803114,43.48021096],[-1.53888447,43.48014096],[-1.53918591,43.48014996],[-1.5394829,43.48021231],[-1.54077768,43.48079517],[-1.54095674,43.48071197],[-1.54112582,43.48073732],[-1.54121802,43.48087044],[-1.54118424,43.48102235],[-1.54252007,43.48163862],[-1.54630032,43.48313189],[-1.54659852,43.48389709],[-1.54681251,43.48411431],[-1.54704126,43.48453367],[-1.54709308,43.48475048],[-1.54716127,43.48697175],[-1.54723887,43.48740466],[-1.54736414,43.48756432],[-1.54756816,43.48771797],[-1.54834198,43.48806488],[-1.54865779,43.48828593],[-1.54790642,43.48905105],[-1.54688161,43.48981772],[-1.54634577,43.4903665],[-1.54617855,43.49047445],[-1.54447981,43.49095306]]]]},"geometry_name":"geometrie","properties":{"cleabs":"IRIS____0000000641220105","code_insee":"64122","nom_commune":"Biarritz","iris":"0105","code_iris":"641220105","nom_iris":"La Rochefoucauld-Aguilera","type_iris":"H"}},{"type":"Feature","id":"contours_iris.7127","geometry":{"type":"MultiPolygon","coordinates":[[[[-1.66057817,43.39289001],[-1.66033629,43.39408371],[-1.66186802,43.39404474],[-1.66010986,43.39415655],[-1.66046207,43.39652055],[-1.66080943,43.39745184],[-1.66111532,43.39787124],[-1.66231745,43.39894863],[-1.66222177,43.39901855],[-1.6621522,43.39915132],[-1.66272504,43.39964662],[-1.66286064,43.39994719],[-1.66286266,43.40026162],[-1.66275821,43.40051305],[-1.6620614,43.40114149],[-1.66176977,43.40130997],[-1.66092418,43.40152124],[-1.66009641,43.40154068],[-1.65960676,43.40149238],[-1.65956418,43.40154649],[-1.65947434,43.40156658],[-1.65750768,43.40156386],[-1.65714811,43.40161088],[-1.65633453,43.40185138],[-1.65632038,43.40179882],[-1.65516525,43.40227841],[-1.65446255,43.40240778],[-1.6521634,43.40254273],[-1.65177366,43.40252255],[-1.65147709,43.4024623],[-1.65121319,43.4023628],[-1.65099696,43.40219546],[-1.65068362,43.40157629],[-1.65045273,43.40127351],[-1.64999816,43.40084876],[-1.64919006,43.4002094],[-1.64876149,43.40007552],[-1.64761377,43.39988241],[-1.64775057,43.39951065],[-1.64773713,43.39925259],[-1.64718682,43.39830024],[-1.64689191,43.39738828],[-1.6469765,43.3971963],[-1.64743613,43.39679715],[-1.64805724,43.39599543],[-1.64803676,43.39563494],[-1.64785778,43.39536236],[-1.65307907,43.392382],[-1.6544475,43.39186802],[-1.6546614,43.39182367],[-1.65490499,43.39170324],[-1.65492468,43.39164111],[-1.655849,43.39130483],[-1.65743624,43.39063989],[-1.65895048,43.39012678],[-1.65909769,43.39038809],[-1.6592293,43.39076183],[-1.65963885,43.39278179],[-1.6600535,43.3927441],[-1.66057817,43.39289001]]]]},"geometry_name":"geometrie","properties":{"cleabs":"IRIS____0000000644830105","code_insee":"64483","nom_commune":"Saint-Jean-de-Luz","iris":"0105","code_iris":"644830105","nom_iris":"Sainte-Barbe-Lac","type_iris":"H"}},{"type":"Feature","id":"contours_iris.7181","geometry":{"type":"MultiPolygon","coordinates":[[[[-1.41436888,43.49712355],[-1.41777432,43.49701359],[-1.41792824,43.49814541],[-1.41767537,43.49875226],[-1.41774886,43.49896733],[-1.417318,43.49922369],[-1.4176189,43.49945022],[-1.41763653,43.49958286],[-1.4172971,43.49980486],[-1.41791048,43.50036017],[-1.41855549,43.50026448],[-1.41877782,43.5004834],[-1.41866363,43.50139637],[-1.41837943,43.50233611],[-1.42095874,43.50284367],[-1.42236024,43.5046617],[-1.42341445,43.50434924],[-1.42357357,43.50442205],[-1.42515896,43.5069219],[-1.42496555,43.50740018],[-1.42552691,43.5081297],[-1.42554073,43.50845354],[-1.42595718,43.50868434],[-1.42624184,43.5096306],[-1.42685318,43.50994806],[-1.42740788,43.51034983],[-1.42757424,43.51088551],[-1.428566,43.51167222],[-1.42880442,43.51217883],[-1.42910101,43.51236405],[-1.43030366,43.51379725],[-1.43115629,43.51449682],[-1.43275063,43.51399367],[-1.43497038,43.51368479],[-1.43600562,43.51365414],[-1.43761407,43.51291786],[-1.43774347,43.51313424],[-1.43819271,43.5130834],[-1.43865788,43.51319051],[-1.43983245,43.51329649],[-1.43995979,43.51316602],[-1.44066353,43.51333183],[-1.44086387,43.51356873],[-1.44103315,43.51407634],[-1.44124311,43.51426148],[-1.44159345,43.51432463],[-1.4424745,43.51418939],[-1.44272449,43.51402775],[-1.44361686,43.51467874],[-1.44445949,43.51510287],[-1.4450372,43.5152558],[-1.44571522,43.51513698],[-1.44598282,43.51545852],[-1.44625781,43.51558782],[-1.44650998,43.5155982],[-1.44676271,43.51580771],[-1.44722105,43.51577809],[-1.4473944,43.51558624],[-1.44802892,43.51605673],[-1.44935392,43.51613752],[-1.44998025,43.51615056],[-1.4505688,43.51593174],[-1.45240076,43.51598717],[-1.45313866,43.51633714],[-1.45375742,43.51626846],[-1.4542928,43.51605091],[-1.45478959,43.51638915],[-1.45651271,43.51812061],[-1.45665863,43.51805423],[-1.45709372,43.51812375],[-1.45880267,43.51860316],[-1.45929124,43.51886693],[-1.45998098,43.51888271],[-1.46049108,43.51853099],[-1.46182579,43.51828952],[-1.46567997,43.51630686],[-1.46577771,43.51632176],[-1.46441259,43.51898954],[-1.46422051,43.51952913],[-1.46420988,43.52030005],[-1.46460388,43.52149678],[-1.46464767,43.52223482],[-1.46396206,43.52708154],[-1.46358408,43.52820913],[-1.46232046,43.52981385],[-1.46195466,43.5298244],[-1.46080411,43.52965006],[-1.45960773,43.5297146],[-1.45876331,43.52989352],[-1.45713113,43.53010392],[-1.4556895,43.53037585],[-1.45532272,43.53053331],[-1.45520045,43.53050589],[-1.45508653,43.53057005],[-1.45494855,43.53054778],[-1.45370065,43.53090635],[-1.45342605,43.53094286],[-1.4508479,43.53064682],[-1.45049464,43.5306433],[-1.45004892,43.53070936],[-1.44923265,43.53059687],[-1.44900894,43.53063489],[-1.44856294,43.53080909],[-1.44763235,43.53096352],[-1.44697621,43.53099945],[-1.44692406,43.53091778],[-1.44612067,43.53090748],[-1.44573182,43.53098831],[-1.44475336,43.53127624],[-1.44338435,43.53115934],[-1.43943691,43.53122193],[-1.43777625,43.53374013],[-1.43775314,43.53459446],[-1.43766817,43.53490522],[-1.43694726,43.53585029],[-1.43625715,43.53644085],[-1.43611329,43.53680719],[-1.43605247,43.53749455],[-1.43582467,43.53789677],[-1.43561662,43.5380738],[-1.43564725,43.53840597],[-1.43391985,43.53844598],[-1.43309738,43.53854269],[-1.43006382,43.53660216],[-1.42977755,43.53635973],[-1.42977615,43.53582811],[-1.42910211,43.53536002],[-1.42832096,43.53483593],[-1.42788999,43.53498149],[-1.42778621,43.53490463],[-1.42756679,43.53459729],[-1.42705722,43.53308165],[-1.4267927,43.53191647],[-1.42547773,43.53147183],[-1.42159188,43.53058146],[-1.41960765,43.53004959],[-1.41846498,43.52923559],[-1.416913,43.52865452],[-1.41559412,43.52796392],[-1.41434606,43.52688924],[-1.41397994,43.52642835],[-1.41338364,43.52480988],[-1.41299542,43.52336857],[-1.41388721,43.52317727],[-1.41384964,43.52296253],[-1.41406487,43.52284653],[-1.41399931,43.52249326],[-1.41370516,43.52251695],[-1.41280386,43.52129568],[-1.41287249,43.52099642],[-1.4132994,43.52070239],[-1.41376233,43.52020054],[-1.41277639,43.51966577],[-1.41231749,43.51897977],[-1.41304918,43.51834984],[-1.41323249,43.51807655],[-1.4114643,43.51833506],[-1.41138834,43.51770106],[-1.41117171,43.51704125],[-1.41129443,43.51644692],[-1.4122261,43.51600259],[-1.41276805,43.51557863],[-1.41295549,43.51561696],[-1.41322559,43.51532932],[-1.41275532,43.51484925],[-1.4127059,43.51438358],[-1.41332741,43.51364189],[-1.41270758,43.5127624],[-1.41220811,43.51174105],[-1.41191061,43.51060874],[-1.41173321,43.51045917],[-1.41144553,43.5104051],[-1.4116663,43.51007171],[-1.4117701,43.50939256],[-1.41166153,43.50826968],[-1.41200076,43.50764132],[-1.41185296,43.50731302],[-1.41175064,43.50659359],[-1.41199085,43.50611073],[-1.41196907,43.50563403],[-1.41183406,43.50534306],[-1.41191738,43.50510628],[-1.41177802,43.50464608],[-1.41181402,43.50437338],[-1.41139125,43.50354355],[-1.41137984,43.50266994],[-1.4110882,43.50243491],[-1.41108088,43.50206575],[-1.41065143,43.50180929],[-1.41053637,43.50135892],[-1.41027011,43.50098678],[-1.41039727,43.50080499],[-1.41127037,43.50040721],[-1.41131807,43.50023856],[-1.41152593,43.50009223],[-1.41161688,43.49977765],[-1.41216685,43.49963721],[-1.41287733,43.49891172],[-1.41451973,43.49865108],[-1.41458541,43.49852315],[-1.41436888,43.49712355]]]]},"geometry_name":"geometrie","properties":{"cleabs":"IRIS____0000000403120105","code_insee":"40312","nom_commune":"Tarnos","iris":"0105","code_iris":"403120105","nom_iris":"Sud","type_iris":"H"}},{"type":"Feature","id":"contours_iris.7350","geometry":{"type":"MultiPolygon","coordinates":[[[[-1.65657878,43.38722254],[-1.65668552,43.38738106],[-1.65809206,43.38689692],[-1.65850202,43.38684772],[-1.65867081,43.38690263],[-1.65867527,43.38703402],[-1.65854608,43.38713241],[-1.65856643,43.38732258],[-1.65841426,43.3880528],[-1.65825868,43.38831363],[-1.6579941,43.38907482],[-1.65835208,43.38949739],[-1.65877726,43.38984946],[-1.65895048,43.39012678],[-1.65743624,43.39063989],[-1.655849,43.39130483],[-1.65492468,43.39164111],[-1.65490499,43.39170324],[-1.6546614,43.39182367],[-1.6544475,43.39186802],[-1.65307907,43.392382],[-1.64785778,43.39536236],[-1.64453496,43.39727954],[-1.64407056,43.39725262],[-1.64354365,43.39715538],[-1.64336166,43.3971668],[-1.64310412,43.39728329],[-1.64263218,43.39702508],[-1.64203398,43.3969327],[-1.64135463,43.396769],[-1.64056597,43.39636847],[-1.64033334,43.39639557],[-1.64026329,43.39615526],[-1.6403458,43.39601384],[-1.64011622,43.39597142],[-1.63988584,43.39601104],[-1.63962772,43.39644206],[-1.63934995,43.39664503],[-1.63915565,43.39670293],[-1.63819638,43.39682247],[-1.63705339,43.39676334],[-1.6372242,43.39526455],[-1.63741934,43.3942054],[-1.63772088,43.39327056],[-1.63805551,43.39254698],[-1.64054931,43.39282301],[-1.64147534,43.39281302],[-1.64184595,43.39268897],[-1.64294109,43.3920643],[-1.64458352,43.39179011],[-1.64537252,43.39153724],[-1.64580137,43.39155306],[-1.64650166,43.39164013],[-1.64662539,43.39164202],[-1.64682821,43.39158284],[-1.64712013,43.39144864],[-1.64696391,43.39115165],[-1.64696257,43.39090568],[-1.64701769,43.39079247],[-1.64718305,43.39066731],[-1.64761876,43.39056928],[-1.64774558,43.39045659],[-1.64779757,43.39030476],[-1.64779636,43.38992271],[-1.64784016,43.38976131],[-1.64859558,43.38860416],[-1.64875052,43.38862544],[-1.64887971,43.38838918],[-1.64911445,43.38818984],[-1.64945167,43.3879897],[-1.64972614,43.38762463],[-1.649774,43.38748289],[-1.64977256,43.38712879],[-1.64999839,43.38662072],[-1.65006827,43.38655283],[-1.65024101,43.38644266],[-1.65043346,43.38639293],[-1.65118945,43.38637484],[-1.65308578,43.38614096],[-1.65313219,43.38665354],[-1.6541869,43.38663159],[-1.65456444,43.38670095],[-1.65466789,43.38675778],[-1.65527961,43.38756776],[-1.65652826,43.38713279],[-1.65657878,43.38722254]]]]},"geometry_name":"geometrie","properties":{"cleabs":"IRIS____0000000644830106","code_insee":"64483","nom_commune":"Saint-Jean-de-Luz","iris":"0106","code_iris":"644830106","nom_iris":"Ducontenia-Jaï Alaï-Stade","type_iris":"H"}},{"type":"Feature","id":"contours_iris.7505","geometry":{"type":"MultiPolygon","coordinates":[[[[-1.53464469,43.47301004],[-1.53493106,43.47554025],[-1.53520353,43.4810287],[-1.53543542,43.48567356],[-1.53800028,43.48716664],[-1.53726939,43.48728377],[-1.536479,43.48735292],[-1.53322974,43.49122252],[-1.53187228,43.49256079],[-1.53151508,43.49280283],[-1.53081336,43.49318093],[-1.52926073,43.49372528],[-1.52850213,43.49393182],[-1.52793119,43.49402237],[-1.52840515,43.49383224],[-1.52863255,43.49362357],[-1.52863043,43.49340828],[-1.52856296,43.49332188],[-1.5284122,43.4932624],[-1.52857952,43.49320223],[-1.52867875,43.49311067],[-1.52870073,43.49258887],[-1.52890338,43.49192524],[-1.52903766,43.49066159],[-1.52922132,43.48994559],[-1.52948357,43.48956694],[-1.52992834,43.4890545],[-1.53129879,43.48700288],[-1.53143941,43.48654191],[-1.53139442,43.48650504],[-1.53143989,43.48643825],[-1.53142301,43.48619294],[-1.5317306,43.48549518],[-1.53353085,43.48313627],[-1.53152273,43.48301754],[-1.53134935,43.48300046],[-1.531124,43.48292067],[-1.52974705,43.48192298],[-1.52774416,43.48081808],[-1.52766292,43.48069801],[-1.52770524,43.48038714],[-1.52550902,43.48023561],[-1.52321545,43.48015208],[-1.5211315,43.48016879],[-1.51681392,43.48037595],[-1.51621559,43.48036846],[-1.51552522,43.48041796],[-1.5152629,43.48037123],[-1.51572027,43.48023861],[-1.51597039,43.48025612],[-1.51621753,43.48014128],[-1.51731136,43.4798875],[-1.51974712,43.47934072],[-1.5205934,43.4790711],[-1.52292064,43.47805837],[-1.5235397,43.47784237],[-1.5238903,43.47764299],[-1.52417517,43.47758333],[-1.52441526,43.47742641],[-1.53067364,43.47471723],[-1.53409788,43.47327806],[-1.53464469,43.47301004]]]]},"geometry_name":"geometrie","properties":{"cleabs":"IRIS____0000000640240106","code_insee":"64024","nom_commune":"Anglet","iris":"0106","code_iris":"640240106","nom_iris":"Mondeville-Chassin","type_iris":"H"}},{"type":"Feature","id":"contours_iris.7564","geometry":{"type":"MultiPolygon","coordinates":[[[[-1.54734244,43.49263622],[-1.54447981,43.49095306],[-1.54617855,43.49047445],[-1.54634577,43.4903665],[-1.54688161,43.48981772],[-1.54790642,43.48905105],[-1.54865779,43.48828593],[-1.54834198,43.48806488],[-1.54756816,43.48771797],[-1.54736414,43.48756432],[-1.54723887,43.48740466],[-1.54716127,43.48697175],[-1.54709308,43.48475048],[-1.54704126,43.48453367],[-1.54681251,43.48411431],[-1.54721807,43.48426581],[-1.54885601,43.48466295],[-1.54906754,43.48478654],[-1.54948516,43.48530881],[-1.54957647,43.48533652],[-1.55481688,43.48518119],[-1.55613173,43.48517095],[-1.55661474,43.48512811],[-1.55557698,43.48574491],[-1.55534108,43.48604772],[-1.55521003,43.48654888],[-1.55511299,43.48671428],[-1.55373843,43.48767326],[-1.55345679,43.48793022],[-1.55213926,43.49062428],[-1.55199176,43.49137126],[-1.55157957,43.49180853],[-1.55128376,43.49201201],[-1.55086105,43.49216044],[-1.54734244,43.49263622]]]]},"geometry_name":"geometrie","properties":{"cleabs":"IRIS____0000000641220106","code_insee":"64122","nom_commune":"Biarritz","iris":"0106","code_iris":"641220106","nom_iris":"Saint-Charles-Golf","type_iris":"H"}},{"type":"Feature","id":"contours_iris.7746","geometry":{"type":"MultiPolygon","coordinates":[[[[-1.55916156,43.48209928],[-1.55775393,43.48184401],[-1.55656016,43.48181943],[-1.55664825,43.48065229],[-1.55667061,43.48059097],[-1.55682158,43.48065311],[-1.5568991,43.48047592],[-1.55508599,43.47896159],[-1.55453977,43.47836274],[-1.55387219,43.47780954],[-1.55311405,43.47733135],[-1.55240308,43.47704221],[-1.55178303,43.47688533],[-1.5518298,43.47671034],[-1.55203783,43.4763997],[-1.55258247,43.47657327],[-1.55334049,43.47673786],[-1.55394822,43.47673935],[-1.55436052,43.47658593],[-1.55465217,43.47628439],[-1.55647906,43.47683477],[-1.55658313,43.47721069],[-1.55710083,43.47766834],[-1.5597413,43.47825564],[-1.5613668,43.47829444],[-1.56146445,43.47840207],[-1.56458879,43.47869221],[-1.56465512,43.47879485],[-1.56426048,43.47926388],[-1.56393794,43.47990831],[-1.56323928,43.48072538],[-1.56306823,43.48108045],[-1.56295364,43.48164762],[-1.56273314,43.48192547],[-1.56223615,43.48213475],[-1.56172607,43.4822103],[-1.56131032,43.48232063],[-1.56041535,43.4821159],[-1.55933795,43.48193595],[-1.55916156,43.48209928]]]]},"geometry_name":"geometrie","properties":{"cleabs":"IRIS____0000000641220107","code_insee":"64122","nom_commune":"Biarritz","iris":"0107","code_iris":"641220107","nom_iris":"Halles-Hurlague","type_iris":"H"}},{"type":"Feature","id":"contours_iris.7894","geometry":{"type":"MultiPolygon","coordinates":[[[[-1.52793119,43.49402237],[-1.52721568,43.49408471],[-1.52668025,43.49409176],[-1.52296277,43.49374326],[-1.52176908,43.49367503],[-1.52086786,43.49373697],[-1.51895036,43.49408191],[-1.51880884,43.49398238],[-1.51858778,43.49395736],[-1.51839637,43.4940104],[-1.51826321,43.49411147],[-1.51821213,43.49431186],[-1.51750049,43.49459657],[-1.50972072,43.49682033],[-1.50912438,43.49707675],[-1.50942774,43.4961161],[-1.50975689,43.49535803],[-1.5099,43.49487896],[-1.50996862,43.49453907],[-1.50999498,43.4936296],[-1.51013506,43.49345885],[-1.51078196,43.49299576],[-1.51099983,43.49275959],[-1.51121185,43.4920866],[-1.51174253,43.49101104],[-1.51172501,43.4905675],[-1.51274848,43.48839181],[-1.51367435,43.48691228],[-1.51406389,43.48596334],[-1.51437164,43.48605235],[-1.51522694,43.48613205],[-1.51552455,43.48601331],[-1.51585189,43.48580051],[-1.51592884,43.48564591],[-1.51603827,43.48507001],[-1.51612783,43.4848554],[-1.51630994,43.48482618],[-1.51696154,43.48488102],[-1.51785518,43.48459863],[-1.51793516,43.48465568],[-1.5180593,43.48466041],[-1.51812097,43.4846263],[-1.52051626,43.48626742],[-1.52164571,43.48751797],[-1.52216632,43.48837668],[-1.52238483,43.48865233],[-1.52377748,43.49000632],[-1.52601865,43.49161864],[-1.52690531,43.49237733],[-1.52790491,43.49287266],[-1.52802979,43.49302785],[-1.52828315,43.49308575],[-1.52832883,43.49314693],[-1.52829176,43.49328906],[-1.5284122,43.4932624],[-1.52856296,43.49332188],[-1.52863043,43.49340828],[-1.52863255,43.49362357],[-1.52840515,43.49383224],[-1.52793119,43.49402237]]]]},"geometry_name":"geometrie","properties":{"cleabs":"IRIS____0000000640240107","code_insee":"64024","nom_commune":"Anglet","iris":"0107","code_iris":"640240107","nom_iris":"Quatre Cantons","type_iris":"H"}},{"type":"Feature","id":"contours_iris.8007","geometry":{"type":"MultiPolygon","coordinates":[[[[-1.49775479,43.49708251],[-1.49761571,43.49521207],[-1.49740011,43.49397652],[-1.49836576,43.49389948],[-1.49927832,43.4938715],[-1.50000445,43.4939603],[-1.50032334,43.49395426],[-1.50084099,43.49379939],[-1.50168671,43.49337675],[-1.50226558,43.4931977],[-1.50469809,43.49272711],[-1.50605229,43.49253833],[-1.50614916,43.49257395],[-1.50623983,43.49224666],[-1.50620533,43.49172812],[-1.50624922,43.49123066],[-1.50613118,43.4904047],[-1.50609009,43.49035414],[-1.50592519,43.49036641],[-1.50582889,43.49030643],[-1.50564729,43.4903266],[-1.50426437,43.48997498],[-1.50361758,43.48614671],[-1.50361295,43.48577202],[-1.50381055,43.48567189],[-1.50382927,43.48554765],[-1.50413542,43.48553763],[-1.50536064,43.48582101],[-1.50702177,43.48647013],[-1.50720904,43.48675882],[-1.50809762,43.48719946],[-1.50856987,43.48750783],[-1.50873068,43.48766425],[-1.50923897,43.48836853],[-1.50836469,43.48893029],[-1.50819585,43.48914459],[-1.50813893,43.48931818],[-1.50856636,43.48940222],[-1.50956176,43.48970504],[-1.51053839,43.49019426],[-1.51172501,43.4905675],[-1.51174253,43.49101104],[-1.51121185,43.4920866],[-1.51099983,43.49275959],[-1.51078196,43.49299576],[-1.51013506,43.49345885],[-1.50999498,43.4936296],[-1.50996862,43.49453907],[-1.5099,43.49487896],[-1.50975689,43.49535803],[-1.50942774,43.4961161],[-1.50912438,43.49707675],[-1.50863478,43.49708451],[-1.50843345,43.49715326],[-1.50786369,43.49746444],[-1.50764872,43.49753286],[-1.50687567,43.49765153],[-1.50615029,43.4976835],[-1.50429313,43.49755346],[-1.49972124,43.49690173],[-1.49901512,43.49689501],[-1.49775479,43.49708251]]]]},"geometry_name":"geometrie","properties":{"cleabs":"IRIS____0000000640240108","code_insee":"64024","nom_commune":"Anglet","iris":"0108","code_iris":"640240108","nom_iris":"Choisy","type_iris":"H"}},{"type":"Feature","id":"contours_iris.8050","geometry":{"type":"MultiPolygon","coordinates":[[[[-1.57022352,43.46023254],[-1.57123647,43.46050881],[-1.57054538,43.46163472],[-1.57053115,43.46182908],[-1.57067888,43.46214637],[-1.57064195,43.46227319],[-1.57076573,43.46247614],[-1.57070082,43.46271769],[-1.57067475,43.46389844],[-1.57075427,43.46418257],[-1.5709678,43.46448717],[-1.57169758,43.46513766],[-1.57165533,43.46529084],[-1.57174946,43.46684682],[-1.57143898,43.4669879],[-1.57051893,43.46711866],[-1.57037308,43.46716717],[-1.56867616,43.46859145],[-1.56758629,43.46997929],[-1.56670988,43.47146897],[-1.56661432,43.47188574],[-1.56659698,43.47291293],[-1.56646983,43.47296335],[-1.56644045,43.47301416],[-1.56619081,43.47314274],[-1.56500414,43.47393714],[-1.56431248,43.47423395],[-1.5635717,43.47447334],[-1.56284146,43.47377054],[-1.56217624,43.47273336],[-1.56286241,43.47252331],[-1.56307914,43.47238531],[-1.5633906,43.47191348],[-1.56346051,43.4716564],[-1.56331747,43.47142902],[-1.56266198,43.47095018],[-1.56234545,43.47048588],[-1.56172667,43.47023528],[-1.56098824,43.47000504],[-1.55946399,43.46972678],[-1.55856638,43.46917429],[-1.55760659,43.46878933],[-1.55729874,43.46879237],[-1.55670934,43.46886493],[-1.55558663,43.4690933],[-1.55532046,43.4691072],[-1.55524356,43.46916721],[-1.55512016,43.4691715],[-1.55527895,43.46897377],[-1.55526396,43.46806692],[-1.55519313,43.46590977],[-1.55505565,43.46519011],[-1.55504773,43.46490296],[-1.55521291,43.46444272],[-1.55547337,43.4639983],[-1.55562128,43.46383528],[-1.55586678,43.46374835],[-1.55751783,43.46338148],[-1.55860495,43.46289324],[-1.55902675,43.46276734],[-1.5594732,43.46274945],[-1.5611074,43.46299694],[-1.56178638,43.46276017],[-1.56181432,43.46194342],[-1.56194732,43.46153049],[-1.56192859,43.46095182],[-1.5621675,43.4605173],[-1.56294305,43.46034403],[-1.56303025,43.46027367],[-1.5634449,43.4602607],[-1.56405717,43.46004114],[-1.56571247,43.45968298],[-1.56654146,43.45938848],[-1.56694528,43.4593327],[-1.56749117,43.45933671],[-1.56766002,43.45939087],[-1.56788407,43.45954813],[-1.56790407,43.45956622],[-1.56858425,43.45971866],[-1.56876439,43.45979036],[-1.56891869,43.45987937],[-1.56912014,43.46007905],[-1.5692114,43.46035546],[-1.56928839,43.46091906],[-1.56978626,43.46041231],[-1.57022352,43.46023254]]]]},"geometry_name":"geometrie","properties":{"cleabs":"IRIS____0000000641220108","code_insee":"64122","nom_commune":"Biarritz","iris":"0108","code_iris":"641220108","nom_iris":"Labordotte-La Colline","type_iris":"H"}},{"type":"Feature","id":"contours_iris.8386","geometry":{"type":"MultiPolygon","coordinates":[[[[-1.55647906,43.47683477],[-1.55465217,43.47628439],[-1.55436052,43.47658593],[-1.55394822,43.47673935],[-1.55334049,43.47673786],[-1.55258247,43.47657327],[-1.55203783,43.4763997],[-1.5518298,43.47671034],[-1.55109982,43.47661845],[-1.54907395,43.47664859],[-1.54839154,43.47653216],[-1.54748518,43.47622867],[-1.54695,43.47595555],[-1.54646313,43.4756047],[-1.54620717,43.47548207],[-1.54618605,43.47530903],[-1.54595479,43.4749826],[-1.5458016,43.4746574],[-1.54571107,43.47407633],[-1.54595432,43.47406973],[-1.54605817,43.47114466],[-1.54617509,43.47088652],[-1.54627389,43.4702119],[-1.54644038,43.46993906],[-1.54638835,43.46986014],[-1.54637473,43.46957864],[-1.54652211,43.46882989],[-1.54658538,43.46819101],[-1.54683791,43.46839578],[-1.54700081,43.46885936],[-1.54710176,43.46900922],[-1.54765385,43.46927802],[-1.54773783,43.46919789],[-1.5481528,43.46903177],[-1.5483335,43.46884485],[-1.54887351,43.4687735],[-1.5490981,43.46857843],[-1.54920888,43.46857107],[-1.54946567,43.46865761],[-1.55009319,43.46875381],[-1.5503927,43.46852043],[-1.55069841,43.46834988],[-1.5516048,43.46813967],[-1.55183524,43.46795605],[-1.55209164,43.46781911],[-1.55423103,43.46708662],[-1.55502095,43.46901256],[-1.55501182,43.46910036],[-1.55512016,43.4691715],[-1.55509766,43.46948065],[-1.55545368,43.47186372],[-1.55583322,43.47260835],[-1.55592051,43.47324091],[-1.55609109,43.47347255],[-1.55677203,43.47378906],[-1.55707795,43.47399517],[-1.55725412,43.47453118],[-1.55740427,43.47469248],[-1.55761453,43.47487829],[-1.5576622,43.47497992],[-1.55763044,43.47521917],[-1.55728932,43.47598871],[-1.557179,43.47612673],[-1.55666457,43.4764746],[-1.55647906,43.47683477]]]]},"geometry_name":"geometrie","properties":{"cleabs":"IRIS____0000000641220109","code_insee":"64122","nom_commune":"Biarritz","iris":"0109","code_iris":"641220109","nom_iris":"Saint-Martin-Cité des Fleurs","type_iris":"H"}},{"type":"Feature","id":"contours_iris.8400","geometry":{"type":"MultiPolygon","coordinates":[[[[-1.49775693,43.48838625],[-1.49971577,43.48435245],[-1.50003496,43.48425628],[-1.50119273,43.48439021],[-1.50218301,43.48368221],[-1.5021639,43.48335948],[-1.5023749,43.48314615],[-1.5025969,43.48321533],[-1.50269572,43.48330764],[-1.5027374,43.48344469],[-1.50283774,43.483509],[-1.50347235,43.48361599],[-1.50333679,43.48381267],[-1.50428856,43.48434984],[-1.50419646,43.48442216],[-1.50395574,43.48493501],[-1.50362069,43.48541304],[-1.50372911,43.48543827],[-1.50382927,43.48554765],[-1.50381055,43.48567189],[-1.50361295,43.48577202],[-1.50361758,43.48614671],[-1.50426437,43.48997498],[-1.50564729,43.4903266],[-1.50582889,43.49030643],[-1.50592519,43.49036641],[-1.50609009,43.49035414],[-1.50613118,43.4904047],[-1.50624922,43.49123066],[-1.50620533,43.49172812],[-1.50623983,43.49224666],[-1.50614916,43.49257395],[-1.50605229,43.49253833],[-1.50469809,43.49272711],[-1.50226558,43.4931977],[-1.50168671,43.49337675],[-1.50084099,43.49379939],[-1.50032334,43.49395426],[-1.50000445,43.4939603],[-1.49927832,43.4938715],[-1.49965553,43.49288799],[-1.49976441,43.49242929],[-1.49915084,43.49246558],[-1.49796451,43.49225351],[-1.49836415,43.49106631],[-1.4983653,43.49098606],[-1.49824592,43.4909],[-1.49822292,43.4907802],[-1.49842198,43.49071426],[-1.49850712,43.49064764],[-1.49984951,43.48885537],[-1.4978574,43.48830999],[-1.49775693,43.48838625]]]]},"geometry_name":"geometrie","properties":{"cleabs":"IRIS____0000000640240109","code_insee":"64024","nom_commune":"Anglet","iris":"0109","code_iris":"640240109","nom_iris":"Tivoli-Union","type_iris":"H"}},{"type":"Feature","id":"contours_iris.8512","geometry":{"type":"MultiPolygon","coordinates":[[[[-1.53439128,43.4688122],[-1.53460783,43.46752709],[-1.53475324,43.46515274],[-1.53557978,43.46092231],[-1.5360303,43.45948321],[-1.53975977,43.45478055],[-1.54005053,43.45409249],[-1.54050574,43.45130594],[-1.54005546,43.44872228],[-1.5399572,43.4476351],[-1.54238624,43.44755484],[-1.55184277,43.44740726],[-1.55566327,43.44826307],[-1.55869961,43.44941401],[-1.55999166,43.44998411],[-1.55726682,43.45073417],[-1.55703693,43.45084568],[-1.55683589,43.45107132],[-1.55664864,43.45112787],[-1.55191142,43.45589426],[-1.55174706,43.45614629],[-1.54987301,43.45806884],[-1.54913586,43.45835214],[-1.5486657,43.45847643],[-1.54795659,43.45836383],[-1.54753855,43.45845889],[-1.54745736,43.45857405],[-1.5473866,43.45860225],[-1.54771566,43.45977437],[-1.54774951,43.46010818],[-1.54764079,43.46015691],[-1.54762212,43.46026493],[-1.5475069,43.4602941],[-1.5473736,43.46042316],[-1.54629134,43.46155181],[-1.54456492,43.46323376],[-1.54434117,43.46336121],[-1.54070362,43.46702204],[-1.54059875,43.4673076],[-1.54067133,43.46753706],[-1.54059962,43.46777257],[-1.54037736,43.46790355],[-1.54003763,43.4679259],[-1.5398759,43.46799306],[-1.53993213,43.46815652],[-1.54071766,43.46940685],[-1.54085198,43.46988515],[-1.54091424,43.47042234],[-1.54094886,43.47117336],[-1.54057489,43.4747703],[-1.54032053,43.47545054],[-1.54018544,43.47566708],[-1.5373018,43.47774616],[-1.53679585,43.4781873],[-1.53608496,43.47897947],[-1.53568757,43.47947914],[-1.53520353,43.4810287],[-1.53493106,43.47554025],[-1.53464469,43.47301004],[-1.53471992,43.47292849],[-1.53439128,43.4688122]]]]},"geometry_name":"geometrie","properties":{"cleabs":"IRIS____0000000641220110","code_insee":"64122","nom_commune":"Biarritz","iris":"0110","code_iris":"641220110","nom_iris":"Parme-La Négresse","type_iris":"H"}},{"type":"Feature","id":"contours_iris.8534","geometry":{"type":"MultiPolygon","coordinates":[[[[-1.51172501,43.4905675],[-1.51053839,43.49019426],[-1.50956176,43.48970504],[-1.50856636,43.48940222],[-1.50813893,43.48931818],[-1.50819585,43.48914459],[-1.50836469,43.48893029],[-1.50923897,43.48836853],[-1.50873068,43.48766425],[-1.50856987,43.48750783],[-1.50809762,43.48719946],[-1.50720904,43.48675882],[-1.50702177,43.48647013],[-1.50536064,43.48582101],[-1.50413542,43.48553763],[-1.50382927,43.48554765],[-1.50372911,43.48543827],[-1.50362069,43.48541304],[-1.50395574,43.48493501],[-1.50419646,43.48442216],[-1.50428856,43.48434984],[-1.50333679,43.48381267],[-1.50347235,43.48361599],[-1.50283774,43.483509],[-1.5027374,43.48344469],[-1.50269572,43.48330764],[-1.5025969,43.48321533],[-1.50299838,43.48307969],[-1.50409046,43.48281801],[-1.50642958,43.48234584],[-1.50931913,43.48168129],[-1.50942578,43.48165252],[-1.50945721,43.48154848],[-1.50957436,43.4814643],[-1.50966588,43.48144787],[-1.50986311,43.48150094],[-1.51010594,43.48150435],[-1.51157633,43.48120701],[-1.5152629,43.48037123],[-1.51552522,43.48041796],[-1.51621559,43.48036846],[-1.51681392,43.48037595],[-1.5211315,43.48016879],[-1.52061471,43.48265955],[-1.51999625,43.48412632],[-1.51986736,43.48413981],[-1.51848615,43.48352606],[-1.51711834,43.48320823],[-1.51689541,43.48319049],[-1.51671053,43.48326308],[-1.51772922,43.48408301],[-1.51794707,43.48441367],[-1.51795631,43.48446825],[-1.51785534,43.48452203],[-1.51785518,43.48459863],[-1.51696154,43.48488102],[-1.51630994,43.48482618],[-1.51612783,43.4848554],[-1.51603827,43.48507001],[-1.51592884,43.48564591],[-1.51585189,43.48580051],[-1.51552455,43.48601331],[-1.51522694,43.48613205],[-1.51437164,43.48605235],[-1.51406389,43.48596334],[-1.51367435,43.48691228],[-1.51274848,43.48839181],[-1.51172501,43.4905675]]]]},"geometry_name":"geometrie","properties":{"cleabs":"IRIS____0000000640240110","code_insee":"64024","nom_commune":"Anglet","iris":"0110","code_iris":"640240110","nom_iris":"Saint-Jean-Bernain","type_iris":"H"}},{"type":"Feature","id":"contours_iris.8638","geometry":{"type":"MultiPolygon","coordinates":[[[[-1.5284122,43.4932624],[-1.52829176,43.49328906],[-1.52832883,43.49314693],[-1.52828315,43.49308575],[-1.52802979,43.49302785],[-1.52790491,43.49287266],[-1.52690531,43.49237733],[-1.52601865,43.49161864],[-1.52377748,43.49000632],[-1.52238483,43.48865233],[-1.52216632,43.48837668],[-1.52164571,43.48751797],[-1.52051626,43.48626742],[-1.51812097,43.4846263],[-1.5180593,43.48466041],[-1.51793516,43.48465568],[-1.51785518,43.48459863],[-1.51785534,43.48452203],[-1.51795631,43.48446825],[-1.51794707,43.48441367],[-1.51772922,43.48408301],[-1.51671053,43.48326308],[-1.51689541,43.48319049],[-1.51711834,43.48320823],[-1.51848615,43.48352606],[-1.51986736,43.48413981],[-1.51999625,43.48412632],[-1.52061471,43.48265955],[-1.5211315,43.48016879],[-1.52321545,43.48015208],[-1.52550902,43.48023561],[-1.52770524,43.48038714],[-1.52766292,43.48069801],[-1.52774416,43.48081808],[-1.52974705,43.48192298],[-1.531124,43.48292067],[-1.53134935,43.48300046],[-1.53152273,43.48301754],[-1.53353085,43.48313627],[-1.5317306,43.48549518],[-1.53142301,43.48619294],[-1.53143989,43.48643825],[-1.53139442,43.48650504],[-1.53143941,43.48654191],[-1.53129879,43.48700288],[-1.52992834,43.4890545],[-1.52948357,43.48956694],[-1.52922132,43.48994559],[-1.52903766,43.49066159],[-1.52890338,43.49192524],[-1.52870073,43.49258887],[-1.52867875,43.49311067],[-1.52857952,43.49320223],[-1.5284122,43.4932624]]]]},"geometry_name":"geometrie","properties":{"cleabs":"IRIS____0000000640240111","code_insee":"64024","nom_commune":"Anglet","iris":"0111","code_iris":"640240111","nom_iris":"Louillot","type_iris":"H"}},{"type":"Feature","id":"contours_iris.8649","geometry":{"type":"MultiPolygon","coordinates":[[[[-1.56990734,43.46014586],[-1.57022352,43.46023254],[-1.56978626,43.46041231],[-1.56928839,43.46091906],[-1.5692114,43.46035546],[-1.56912014,43.46007905],[-1.56891869,43.45987937],[-1.56876439,43.45979036],[-1.56858425,43.45971866],[-1.56790407,43.45956622],[-1.56788407,43.45954813],[-1.56919529,43.45959284],[-1.56990734,43.46014586]]],[[[-1.56485936,43.45559426],[-1.56549147,43.45546938],[-1.56564984,43.45559427],[-1.56589622,43.45607953],[-1.56625411,43.45642671],[-1.56639722,43.45709115],[-1.56663211,43.45744712],[-1.56808571,43.45866098],[-1.56817102,43.45887817],[-1.56841796,43.4590588],[-1.56788407,43.45954813],[-1.56766002,43.45939087],[-1.56749117,43.45933671],[-1.56694528,43.4593327],[-1.56654146,43.45938848],[-1.56571247,43.45968298],[-1.56405717,43.46004114],[-1.5634449,43.4602607],[-1.56303025,43.46027367],[-1.56294305,43.46034403],[-1.5621675,43.4605173],[-1.56192859,43.46095182],[-1.56194732,43.46153049],[-1.56181432,43.46194342],[-1.56178638,43.46276017],[-1.5611074,43.46299694],[-1.5594732,43.46274945],[-1.55902675,43.46276734],[-1.55860495,43.46289324],[-1.55751783,43.46338148],[-1.55586678,43.46374835],[-1.55562128,43.46383528],[-1.55547337,43.4639983],[-1.55521291,43.46444272],[-1.55504773,43.46490296],[-1.55505565,43.46519011],[-1.55519313,43.46590977],[-1.55526396,43.46806692],[-1.55527895,43.46897377],[-1.55512016,43.4691715],[-1.55501182,43.46910036],[-1.55502095,43.46901256],[-1.55423103,43.46708662],[-1.55209164,43.46781911],[-1.55183524,43.46795605],[-1.5516048,43.46813967],[-1.55069841,43.46834988],[-1.5503927,43.46852043],[-1.55009319,43.46875381],[-1.54946567,43.46865761],[-1.54920888,43.46857107],[-1.5490981,43.46857843],[-1.54887351,43.4687735],[-1.5483335,43.46884485],[-1.5481528,43.46903177],[-1.54773783,43.46919789],[-1.54765385,43.46927802],[-1.54710176,43.46900922],[-1.54700081,43.46885936],[-1.54683791,43.46839578],[-1.54658538,43.46819101],[-1.54652211,43.46882989],[-1.54637473,43.46957864],[-1.54638835,43.46986014],[-1.54644038,43.46993906],[-1.54627389,43.4702119],[-1.54617509,43.47088652],[-1.54605817,43.47114466],[-1.54595432,43.47406973],[-1.54571107,43.47407633],[-1.54553043,43.4740767],[-1.54545396,43.47487745],[-1.54548246,43.47501864],[-1.54566252,43.47519853],[-1.54568741,43.47532546],[-1.54553681,43.47545524],[-1.54554192,43.47583262],[-1.54543701,43.4765084],[-1.54525642,43.47718195],[-1.54498667,43.47785473],[-1.54516202,43.47789694],[-1.54521972,43.47801617],[-1.54519336,43.47807405],[-1.54506391,43.47817411],[-1.54483952,43.47821597],[-1.54468424,43.47814588],[-1.54448266,43.47821021],[-1.54413067,43.47810963],[-1.54253139,43.47905897],[-1.54207869,43.47939066],[-1.5415134,43.47992623],[-1.54138258,43.48010294],[-1.54112582,43.48073732],[-1.54095674,43.48071197],[-1.54077768,43.48079517],[-1.5394829,43.48021231],[-1.53918591,43.48014996],[-1.53888447,43.48014096],[-1.53803114,43.48021096],[-1.53753598,43.48028758],[-1.53586035,43.48086782],[-1.53520353,43.4810287],[-1.53568757,43.47947914],[-1.53608496,43.47897947],[-1.53679585,43.4781873],[-1.5373018,43.47774616],[-1.54018544,43.47566708],[-1.54032053,43.47545054],[-1.54057489,43.4747703],[-1.54094886,43.47117336],[-1.54091424,43.47042234],[-1.54085198,43.46988515],[-1.54071766,43.46940685],[-1.53993213,43.46815652],[-1.5398759,43.46799306],[-1.54003763,43.4679259],[-1.54037736,43.46790355],[-1.54059962,43.46777257],[-1.54067133,43.46753706],[-1.54059875,43.4673076],[-1.54070362,43.46702204],[-1.54434117,43.46336121],[-1.54456492,43.46323376],[-1.54629134,43.46155181],[-1.5473736,43.46042316],[-1.5475069,43.4602941],[-1.54762212,43.46026493],[-1.54764079,43.46015691],[-1.54774951,43.46010818],[-1.54771566,43.45977437],[-1.5473866,43.45860225],[-1.54745736,43.45857405],[-1.54753855,43.45845889],[-1.54795659,43.45836383],[-1.5486657,43.45847643],[-1.54913586,43.45835214],[-1.54987301,43.45806884],[-1.55174706,43.45614629],[-1.55191142,43.45589426],[-1.55664864,43.45112787],[-1.55683589,43.45107132],[-1.55703693,43.45084568],[-1.55726682,43.45073417],[-1.55999166,43.44998411],[-1.56225135,43.45100997],[-1.56485936,43.45559426]]]]},"geometry_name":"geometrie","properties":{"cleabs":"IRIS____0000000641220111","code_insee":"64122","nom_commune":"Biarritz","iris":"0111","code_iris":"641220111","nom_iris":"Parc d'Hiver-Marion-Mouriscot","type_iris":"H"}},{"type":"Feature","id":"contours_iris.8696","geometry":{"type":"MultiPolygon","coordinates":[[[[-1.5023749,43.48314615],[-1.50485022,43.48128599],[-1.50477894,43.48006158],[-1.50456961,43.47979093],[-1.5048808,43.47888314],[-1.50527254,43.47923903],[-1.50566042,43.47941934],[-1.50754544,43.47995911],[-1.50875515,43.48012504],[-1.50891304,43.48018155],[-1.50922798,43.48037841],[-1.50937825,43.48033791],[-1.51020217,43.47971965],[-1.51026151,43.47962436],[-1.51026715,43.47947544],[-1.51004788,43.47912591],[-1.5100077,43.47889779],[-1.51036975,43.47785089],[-1.51033837,43.47751426],[-1.50998464,43.47647644],[-1.51002445,43.47622697],[-1.51027632,43.47565235],[-1.51021707,43.47554398],[-1.51003212,43.47449643],[-1.51020444,43.47393324],[-1.51051994,43.47331813],[-1.51061734,43.47326632],[-1.51089143,43.47221858],[-1.51112958,43.47186351],[-1.51105704,43.47157006],[-1.51107611,43.47111959],[-1.51087587,43.47031869],[-1.51181733,43.47026956],[-1.51282839,43.47033468],[-1.51342462,43.4705216],[-1.51352349,43.47075629],[-1.51403285,43.4711604],[-1.51446467,43.47213638],[-1.51452157,43.47265577],[-1.5144797,43.47393355],[-1.51461631,43.47496329],[-1.51506702,43.47594298],[-1.5155614,43.47615577],[-1.51572823,43.47616864],[-1.5170017,43.47791696],[-1.51707807,43.47813276],[-1.51731136,43.4798875],[-1.51621753,43.48014128],[-1.51597039,43.48025612],[-1.51572027,43.48023861],[-1.5152629,43.48037123],[-1.51157633,43.48120701],[-1.51010594,43.48150435],[-1.50986311,43.48150094],[-1.50966588,43.48144787],[-1.50957436,43.4814643],[-1.50945721,43.48154848],[-1.50942578,43.48165252],[-1.50931913,43.48168129],[-1.50642958,43.48234584],[-1.50409046,43.48281801],[-1.50299838,43.48307969],[-1.5025969,43.48321533],[-1.5023749,43.48314615]]]]},"geometry_name":"geometrie","properties":{"cleabs":"IRIS____0000000640240112","code_insee":"64024","nom_commune":"Anglet","iris":"0112","code_iris":"640240112","nom_iris":"Cantau-Bernain-Saint-Jean","type_iris":"H"}},{"type":"Feature","id":"contours_iris.8767","geometry":{"type":"MultiPolygon","coordinates":[[[[-1.55740427,43.47469248],[-1.55725412,43.47453118],[-1.55707795,43.47399517],[-1.55677203,43.47378906],[-1.55609109,43.47347255],[-1.55592051,43.47324091],[-1.55583322,43.47260835],[-1.55545368,43.47186372],[-1.55509766,43.46948065],[-1.55512016,43.4691715],[-1.55524356,43.46916721],[-1.55532046,43.4691072],[-1.55558663,43.4690933],[-1.55670934,43.46886493],[-1.55729874,43.46879237],[-1.55760659,43.46878933],[-1.55856638,43.46917429],[-1.55946399,43.46972678],[-1.56098824,43.47000504],[-1.56172667,43.47023528],[-1.56234545,43.47048588],[-1.56266198,43.47095018],[-1.56331747,43.47142902],[-1.56346051,43.4716564],[-1.5633906,43.47191348],[-1.56307914,43.47238531],[-1.56286241,43.47252331],[-1.56217624,43.47273336],[-1.56284146,43.47377054],[-1.5635717,43.47447334],[-1.56285026,43.47434873],[-1.56186901,43.47408456],[-1.56145093,43.47403999],[-1.56065846,43.47403371],[-1.55910724,43.47424321],[-1.5583281,43.47451392],[-1.55766692,43.4746652],[-1.55740427,43.47469248]]]]},"geometry_name":"geometrie","properties":{"cleabs":"IRIS____0000000641220112","code_insee":"64122","nom_commune":"Biarritz","iris":"0112","code_iris":"641220112","nom_iris":"Pétricot-Reptou","type_iris":"H"}},{"type":"Feature","id":"contours_iris.8812","geometry":{"type":"MultiPolygon","coordinates":[[[[-1.49843716,43.46412526],[-1.49852233,43.46405955],[-1.49726656,43.46360076],[-1.49683588,43.46333028],[-1.49636375,43.46284615],[-1.49613239,43.46243493],[-1.49599058,43.46191906],[-1.4960986,43.46135497],[-1.49603449,43.46059887],[-1.49612451,43.45980484],[-1.49486804,43.4570743],[-1.49384862,43.45723106],[-1.4942712,43.45562753],[-1.49455087,43.45518608],[-1.49530447,43.45259649],[-1.49534942,43.45124203],[-1.4952132,43.45090796],[-1.49482141,43.45050069],[-1.49568636,43.45082163],[-1.49587372,43.45082917],[-1.49805798,43.44954805],[-1.4982068,43.44953736],[-1.50260995,43.45070422],[-1.50392976,43.45124137],[-1.50466265,43.45143887],[-1.5046845,43.45114959],[-1.5063682,43.45101104],[-1.50651135,43.45122766],[-1.507522,43.45116577],[-1.5079019,43.45107335],[-1.50841837,43.45106626],[-1.50928726,43.45086878],[-1.5095895,43.45087421],[-1.51011878,43.45071519],[-1.51102222,43.45059555],[-1.51139144,43.45044589],[-1.51179578,43.4504759],[-1.51325799,43.4503681],[-1.51391348,43.45065076],[-1.51424153,43.45089031],[-1.51486342,43.451123],[-1.51582083,43.4512651],[-1.51636489,43.45219131],[-1.51680383,43.4525668],[-1.51708263,43.45251011],[-1.5177241,43.45423427],[-1.51827386,43.45609743],[-1.52052605,43.45738128],[-1.52105704,43.45760512],[-1.52345604,43.45822224],[-1.52506333,43.45825782],[-1.52761246,43.45883253],[-1.53241226,43.46014837],[-1.53557978,43.46092231],[-1.53475324,43.46515274],[-1.53460783,43.46752709],[-1.53439128,43.4688122],[-1.53471992,43.47292849],[-1.53464469,43.47301004],[-1.53409788,43.47327806],[-1.53067364,43.47471723],[-1.52441526,43.47742641],[-1.52417517,43.47758333],[-1.5238903,43.47764299],[-1.5235397,43.47784237],[-1.52292064,43.47805837],[-1.5205934,43.4790711],[-1.51974712,43.47934072],[-1.51731136,43.4798875],[-1.51707807,43.47813276],[-1.5170017,43.47791696],[-1.51572823,43.47616864],[-1.5155614,43.47615577],[-1.51506702,43.47594298],[-1.51461631,43.47496329],[-1.5144797,43.47393355],[-1.51452157,43.47265577],[-1.51446467,43.47213638],[-1.51403285,43.4711604],[-1.51352349,43.47075629],[-1.51342462,43.4705216],[-1.51282839,43.47033468],[-1.51181733,43.47026956],[-1.51087587,43.47031869],[-1.51107611,43.47111959],[-1.51105704,43.47157006],[-1.51112958,43.47186351],[-1.51089143,43.47221858],[-1.51061734,43.47326632],[-1.51051994,43.47331813],[-1.51044699,43.47317699],[-1.50982834,43.47249985],[-1.50966388,43.47240667],[-1.50914133,43.47232299],[-1.50886612,43.47219027],[-1.50862766,43.47203709],[-1.50842951,43.47176688],[-1.50805863,43.47147142],[-1.50749606,43.47128757],[-1.50692274,43.47123483],[-1.50654894,43.47126481],[-1.50575955,43.47142291],[-1.50550608,43.47142534],[-1.5053713,43.47136336],[-1.50523955,43.47121385],[-1.50478135,43.47054623],[-1.50462575,43.47048692],[-1.50407058,43.47058661],[-1.50365851,43.4707281],[-1.50248873,43.47124263],[-1.49938862,43.47270426],[-1.49928643,43.47266345],[-1.4991891,43.47268462],[-1.49899521,43.47226282],[-1.49879268,43.47143047],[-1.49759214,43.46927704],[-1.49752907,43.46908771],[-1.49754068,43.46893584],[-1.49760544,43.46856188],[-1.49773776,43.46832389],[-1.49786766,43.46818152],[-1.4980701,43.46809652],[-1.49812477,43.46795727],[-1.49836057,43.46769786],[-1.49852828,43.46707451],[-1.49909022,43.46576614],[-1.49956744,43.46512994],[-1.4996933,43.46515715],[-1.49984301,43.46512569],[-1.49991747,43.46504961],[-1.49992777,43.46495997],[-1.49981975,43.4648446],[-1.49958415,43.46485349],[-1.49908521,43.46434345],[-1.49843716,43.46412526]]]]},"geometry_name":"geometrie","properties":{"cleabs":"IRIS____0000000640240113","code_insee":"64024","nom_commune":"Anglet","iris":"0113","code_iris":"640240113","nom_iris":"Glacière-Parme-Brindos-Sutar-Aritxague","type_iris":"H"}},{"type":"Feature","id":"contours_iris.8884","geometry":{"type":"MultiPolygon","coordinates":[[[[-1.5048808,43.47888314],[-1.50457952,43.47794496],[-1.50411962,43.47795056],[-1.50156858,43.47767453],[-1.49913914,43.47737085],[-1.49819179,43.4771723],[-1.49683677,43.47712493],[-1.49726797,43.47599411],[-1.49694494,43.47569302],[-1.49656487,43.47551686],[-1.49570018,43.47552031],[-1.49477538,43.4757993],[-1.49400278,43.47639457],[-1.49375733,43.47711666],[-1.492888,43.47714011],[-1.49245688,43.47721296],[-1.49236092,43.47731516],[-1.49140094,43.47644842],[-1.49109304,43.47634044],[-1.49068284,43.47573115],[-1.49077407,43.47526779],[-1.49069749,43.47492132],[-1.49074939,43.47420817],[-1.49059038,43.47375698],[-1.49035823,43.47373146],[-1.48992349,43.47299793],[-1.4899969,43.47227488],[-1.49057013,43.47177261],[-1.49089472,43.47184115],[-1.49125508,43.47176583],[-1.49154778,43.47185372],[-1.49165553,43.4717285],[-1.49219959,43.47153382],[-1.49217825,43.4714509],[-1.49269099,43.47118812],[-1.49292255,43.46998811],[-1.49373375,43.46964987],[-1.49421702,43.46918466],[-1.49420939,43.46910297],[-1.49453366,43.46897777],[-1.49469408,43.46901977],[-1.49484628,43.46881431],[-1.49607093,43.46852647],[-1.49665734,43.46784609],[-1.49651055,43.46728267],[-1.49676313,43.46605204],[-1.49720426,43.46585529],[-1.49721124,43.46502776],[-1.49703431,43.46474314],[-1.49704658,43.46450473],[-1.49736533,43.464341],[-1.49794919,43.46449788],[-1.49843716,43.46412526],[-1.49908521,43.46434345],[-1.49958415,43.46485349],[-1.49981975,43.4648446],[-1.49992777,43.46495997],[-1.49991747,43.46504961],[-1.49984301,43.46512569],[-1.4996933,43.46515715],[-1.49956744,43.46512994],[-1.49909022,43.46576614],[-1.49852828,43.46707451],[-1.49836057,43.46769786],[-1.49812477,43.46795727],[-1.4980701,43.46809652],[-1.49786766,43.46818152],[-1.49773776,43.46832389],[-1.49760544,43.46856188],[-1.49754068,43.46893584],[-1.49752907,43.46908771],[-1.49759214,43.46927704],[-1.49879268,43.47143047],[-1.49899521,43.47226282],[-1.4991891,43.47268462],[-1.49928643,43.47266345],[-1.49938862,43.47270426],[-1.50248873,43.47124263],[-1.50365851,43.4707281],[-1.50407058,43.47058661],[-1.50462575,43.47048692],[-1.50478135,43.47054623],[-1.50523955,43.47121385],[-1.5053713,43.47136336],[-1.50550608,43.47142534],[-1.50575955,43.47142291],[-1.50654894,43.47126481],[-1.50692274,43.47123483],[-1.50749606,43.47128757],[-1.50805863,43.47147142],[-1.50842951,43.47176688],[-1.50862766,43.47203709],[-1.50886612,43.47219027],[-1.50914133,43.47232299],[-1.50966388,43.47240667],[-1.50982834,43.47249985],[-1.51044699,43.47317699],[-1.51051994,43.47331813],[-1.51020444,43.47393324],[-1.51003212,43.47449643],[-1.51021707,43.47554398],[-1.51027632,43.47565235],[-1.51002445,43.47622697],[-1.50998464,43.47647644],[-1.51033837,43.47751426],[-1.51036975,43.47785089],[-1.5100077,43.47889779],[-1.51004788,43.47912591],[-1.51026715,43.47947544],[-1.51026151,43.47962436],[-1.51020217,43.47971965],[-1.50937825,43.48033791],[-1.50922798,43.48037841],[-1.50891304,43.48018155],[-1.50875515,43.48012504],[-1.50754544,43.47995911],[-1.50566042,43.47941934],[-1.50527254,43.47923903],[-1.5048808,43.47888314]]]]},"geometry_name":"geometrie","properties":{"cleabs":"IRIS____0000000640240114","code_insee":"64024","nom_commune":"Anglet","iris":"0114","code_iris":"640240114","nom_iris":"Aritxague","type_iris":"H"}},{"type":"Feature","id":"contours_iris.9610","geometry":{"type":"MultiPolygon","coordinates":[[[[-1.46577771,43.51632176],[-1.46567997,43.51630686],[-1.46182579,43.51828952],[-1.46049108,43.51853099],[-1.45998098,43.51888271],[-1.45929124,43.51886693],[-1.45880267,43.51860316],[-1.45709372,43.51812375],[-1.45665863,43.51805423],[-1.45651271,43.51812061],[-1.45478959,43.51638915],[-1.4542928,43.51605091],[-1.45375742,43.51626846],[-1.45313866,43.51633714],[-1.45240076,43.51598717],[-1.4505688,43.51593174],[-1.44998025,43.51615056],[-1.44935392,43.51613752],[-1.44802892,43.51605673],[-1.4473944,43.51558624],[-1.44722105,43.51577809],[-1.44676271,43.51580771],[-1.44650998,43.5155982],[-1.44625781,43.51558782],[-1.44598282,43.51545852],[-1.44571522,43.51513698],[-1.4450372,43.5152558],[-1.44445949,43.51510287],[-1.44361686,43.51467874],[-1.44272449,43.51402775],[-1.4424745,43.51418939],[-1.44159345,43.51432463],[-1.44124311,43.51426148],[-1.44103315,43.51407634],[-1.44086387,43.51356873],[-1.44066353,43.51333183],[-1.43995979,43.51316602],[-1.43983245,43.51329649],[-1.43865788,43.51319051],[-1.43819271,43.5130834],[-1.43774347,43.51313424],[-1.43761407,43.51291786],[-1.43600562,43.51365414],[-1.43497038,43.51368479],[-1.43275063,43.51399367],[-1.43115629,43.51449682],[-1.43030366,43.51379725],[-1.42910101,43.51236405],[-1.42880442,43.51217883],[-1.428566,43.51167222],[-1.42757424,43.51088551],[-1.42740788,43.51034983],[-1.42685318,43.50994806],[-1.42624184,43.5096306],[-1.42595718,43.50868434],[-1.42554073,43.50845354],[-1.42552691,43.5081297],[-1.42496555,43.50740018],[-1.42515896,43.5069219],[-1.42357357,43.50442205],[-1.42341445,43.50434924],[-1.42236024,43.5046617],[-1.42095874,43.50284367],[-1.41837943,43.50233611],[-1.41866363,43.50139637],[-1.41877782,43.5004834],[-1.41855549,43.50026448],[-1.41791048,43.50036017],[-1.4172971,43.49980486],[-1.41763653,43.49958286],[-1.4176189,43.49945022],[-1.417318,43.49922369],[-1.41774886,43.49896733],[-1.41767537,43.49875226],[-1.41792824,43.49814541],[-1.41777432,43.49701359],[-1.42303328,43.49618719],[-1.42449637,43.49584991],[-1.42685591,43.49508311],[-1.42847251,43.49423308],[-1.42990796,43.49281642],[-1.43230145,43.49111275],[-1.43429546,43.48994351],[-1.43548981,43.48965492],[-1.4367893,43.48915746],[-1.44014266,43.48813969],[-1.44199724,43.48747523],[-1.44358922,43.48677646],[-1.4451333,43.48624273],[-1.44510453,43.48619074],[-1.4470374,43.48583567],[-1.44842328,43.4856409],[-1.44960497,43.48924823],[-1.44981218,43.49024537],[-1.4498381,43.49077147],[-1.44976901,43.49154116],[-1.44963561,43.4922315],[-1.44936899,43.4930877],[-1.44907616,43.49374944],[-1.44840456,43.49481061],[-1.44787077,43.49542997],[-1.44717858,43.49608196],[-1.44663372,43.49651073],[-1.44579235,43.4970589],[-1.44341924,43.49838448],[-1.4425909,43.49898976],[-1.4418712,43.49965546],[-1.44125226,43.50039181],[-1.44095921,43.50082825],[-1.44052512,43.50166607],[-1.44036328,43.50210254],[-1.44017138,43.50285473],[-1.44009454,43.50389418],[-1.44022701,43.50498272],[-1.44049898,43.50584206],[-1.44069469,43.5062756],[-1.44110948,43.5069804],[-1.44245002,43.50875295],[-1.44293354,43.50951351],[-1.44325642,43.51014999],[-1.44352969,43.50984142],[-1.4437412,43.50950293],[-1.4462523,43.50502944],[-1.44639959,43.50504502],[-1.44657343,43.50500365],[-1.45156459,43.50357589],[-1.45181708,43.50344747],[-1.45188288,43.50336997],[-1.45201751,43.50335002],[-1.45210654,43.50338061],[-1.45262337,43.50327647],[-1.45546682,43.50246031],[-1.45582893,43.50238865],[-1.45600332,43.50225893],[-1.45624747,43.5022624],[-1.45639835,43.50240399],[-1.45671736,43.50239898],[-1.45692557,43.50229039],[-1.4571026,43.50208305],[-1.45726911,43.50196356],[-1.45779817,43.50179401],[-1.45827013,43.50173404],[-1.45952414,43.50171759],[-1.46042519,43.50174719],[-1.46199761,43.50229162],[-1.46295483,43.50266132],[-1.46370841,43.5031187],[-1.46380664,43.50325163],[-1.46371432,43.50336987],[-1.4638296,43.50348317],[-1.46336676,43.50452053],[-1.46330524,43.50538546],[-1.46334747,43.50557837],[-1.46355219,43.50580693],[-1.46381656,43.5062295],[-1.46401221,43.50673959],[-1.46399849,43.5071682],[-1.46361428,43.50966308],[-1.46363984,43.5098008],[-1.4637528,43.509916],[-1.46410836,43.51003022],[-1.46417049,43.50998531],[-1.46434188,43.50996023],[-1.46461552,43.50970564],[-1.46485567,43.5095777],[-1.46508758,43.5095348],[-1.46527026,43.5095435],[-1.46632457,43.50967938],[-1.46652742,43.50974041],[-1.46740692,43.51017546],[-1.46782264,43.51025114],[-1.4681697,43.51027198],[-1.46826667,43.51032475],[-1.46832764,43.51047183],[-1.46851618,43.51095338],[-1.46855498,43.51135639],[-1.4686727,43.51148491],[-1.46883266,43.51179011],[-1.46914005,43.5126849],[-1.46911109,43.51285371],[-1.46902661,43.5129455],[-1.46876165,43.5130889],[-1.46759055,43.51326694],[-1.46731153,43.51373893],[-1.46685678,43.51483275],[-1.46667922,43.5150969],[-1.46610051,43.51575966],[-1.46577771,43.51632176]]]]},"geometry_name":"geometrie","properties":{"cleabs":"IRIS____0000000641020201","code_insee":"64102","nom_commune":"Bayonne","iris":"0201","code_iris":"641020201","nom_iris":"Saint-Étienne-Arrousets","type_iris":"H"}},{"type":"Feature","id":"contours_iris.10594","geometry":{"type":"MultiPolygon","coordinates":[[[[-1.47185811,43.48291614],[-1.47255362,43.48339296],[-1.47384471,43.48479498],[-1.47454899,43.4857968],[-1.47477419,43.48646335],[-1.47495752,43.48700547],[-1.47480984,43.48855702],[-1.47445062,43.49041199],[-1.4740933,43.49170366],[-1.4740509,43.49309768],[-1.47411734,43.4940934],[-1.474385,43.49544758],[-1.47157765,43.4944785],[-1.46894996,43.49271525],[-1.46857049,43.49249931],[-1.46925843,43.49176444],[-1.46919849,43.49156686],[-1.46912758,43.49145084],[-1.46897221,43.49133109],[-1.46780118,43.4907567],[-1.46754102,43.49041959],[-1.46752838,43.49030476],[-1.4676315,43.49023022],[-1.46763368,43.49017877],[-1.4680456,43.48987342],[-1.46813836,43.48974523],[-1.46813881,43.48944874],[-1.46724613,43.48767878],[-1.46717876,43.48749682],[-1.46726961,43.48742369],[-1.46725585,43.48734225],[-1.46716273,43.4872749],[-1.46705314,43.48728213],[-1.46672066,43.48668307],[-1.46617901,43.48605208],[-1.46757973,43.48643047],[-1.4680436,43.48660238],[-1.46812887,43.48664842],[-1.46818185,43.48674086],[-1.46827757,43.48676214],[-1.46896823,43.48628579],[-1.4694355,43.48584929],[-1.47185811,43.48291614]]]]},"geometry_name":"geometrie","properties":{"cleabs":"IRIS____0000000641020301","code_insee":"64102","nom_commune":"Bayonne","iris":"0301","code_iris":"641020301","nom_iris":"Petit Bayonne","type_iris":"H"}},{"type":"Feature","id":"contours_iris.11885","geometry":{"type":"MultiPolygon","coordinates":[[[[-1.47714179,43.49629072],[-1.474385,43.49544758],[-1.47411734,43.4940934],[-1.4740509,43.49309768],[-1.4740933,43.49170366],[-1.47445062,43.49041199],[-1.47480984,43.48855702],[-1.47495752,43.48700547],[-1.47477419,43.48646335],[-1.47638003,43.48620146],[-1.47646903,43.48659699],[-1.47639046,43.48687508],[-1.47631787,43.48696008],[-1.47634694,43.48704719],[-1.47667525,43.48708319],[-1.47699112,43.48697552],[-1.4775096,43.48670447],[-1.47768145,43.48646397],[-1.47765584,43.48631004],[-1.4786984,43.48645888],[-1.47961941,43.48650911],[-1.48005114,43.48666518],[-1.48054061,43.48699008],[-1.48107545,43.48723019],[-1.48185914,43.4877727],[-1.48220481,43.48785662],[-1.48279411,43.48771599],[-1.48279279,43.48825403],[-1.4826926,43.48861953],[-1.48249485,43.48905125],[-1.48237032,43.48902577],[-1.4814095,43.49127332],[-1.48118098,43.49164413],[-1.47989192,43.49328706],[-1.47924969,43.49406698],[-1.4788192,43.49448308],[-1.47833071,43.49464745],[-1.47820907,43.49475431],[-1.47812701,43.49495596],[-1.47821513,43.4951019],[-1.47836096,43.4951941],[-1.47780583,43.49536123],[-1.47714179,43.49629072]]]]},"geometry_name":"geometrie","properties":{"cleabs":"IRIS____0000000641020501","code_insee":"64102","nom_commune":"Bayonne","iris":"0501","code_iris":"641020501","nom_iris":"Centre Ville-Hôtel de Ville","type_iris":"H"}},{"type":"Feature","id":"contours_iris.12389","geometry":{"type":"MultiPolygon","coordinates":[[[[-1.46053043,43.49897456],[-1.46052759,43.49890619],[-1.46063867,43.49887008],[-1.46118203,43.49770596],[-1.46171332,43.49719928],[-1.46196865,43.49702836],[-1.46251779,43.49684715],[-1.46335731,43.49675489],[-1.46346955,43.49681335],[-1.4636059,43.49705464],[-1.46376203,43.4968815],[-1.46620206,43.49795063],[-1.4670195,43.49798812],[-1.46723611,43.4978287],[-1.46729433,43.49784523],[-1.46740623,43.49804247],[-1.4675879,43.49808634],[-1.46751618,43.49826232],[-1.46780316,43.49835502],[-1.46802391,43.49836034],[-1.46838001,43.4984664],[-1.46862736,43.49809755],[-1.46939115,43.49770018],[-1.47162654,43.49687082],[-1.4721329,43.49679225],[-1.47274526,43.49677148],[-1.47332269,43.49685848],[-1.47416752,43.49705699],[-1.47427498,43.49686331],[-1.47475245,43.49698598],[-1.47486573,43.49696238],[-1.47505953,43.49662185],[-1.47609845,43.4968646],[-1.47755212,43.49726682],[-1.47787454,43.49743283],[-1.47848405,43.49783568],[-1.47866645,43.49798404],[-1.47894791,43.49833917],[-1.47936743,43.49973393],[-1.47953837,43.4999891],[-1.4798946,43.50031861],[-1.47951774,43.50072439],[-1.4793161,43.50059936],[-1.47908046,43.50051448],[-1.47884788,43.50057996],[-1.47860519,43.50099191],[-1.47834166,43.50132721],[-1.47794133,43.50160689],[-1.47722998,43.50191474],[-1.47693384,43.50235593],[-1.47601989,43.50266943],[-1.47551761,43.50295962],[-1.47441677,43.50376655],[-1.47399965,43.50394238],[-1.47360886,43.50404322],[-1.47316096,43.50409415],[-1.47255352,43.50406786],[-1.46966475,43.50364816],[-1.46957382,43.50359334],[-1.46805613,43.50354689],[-1.46792618,43.50357928],[-1.46416635,43.50337198],[-1.46406549,43.50336442],[-1.46395796,43.5032553],[-1.46380664,43.50325163],[-1.46370841,43.5031187],[-1.46295483,43.50266132],[-1.46199761,43.50229162],[-1.46042519,43.50174719],[-1.45952414,43.50171759],[-1.45988598,43.50068621],[-1.45972677,43.5001665],[-1.4598394,43.49949683],[-1.45993463,43.49935233],[-1.46053043,43.49897456]]]]},"geometry_name":"geometrie","properties":{"cleabs":"IRIS____0000000641020601","code_insee":"64102","nom_commune":"Bayonne","iris":"0601","code_iris":"641020601","nom_iris":"Citadelle","type_iris":"H"}},{"type":"Feature","id":"contours_iris.12591","geometry":{"type":"MultiPolygon","coordinates":[[[[-1.47714179,43.49629072],[-1.4817172,43.49769028],[-1.48243402,43.49800848],[-1.48182303,43.49882406],[-1.48167728,43.49890759],[-1.48141751,43.49894176],[-1.48121446,43.49922681],[-1.48031942,43.49989283],[-1.4798946,43.50031861],[-1.47953837,43.4999891],[-1.47936743,43.49973393],[-1.47894791,43.49833917],[-1.47866645,43.49798404],[-1.47848405,43.49783568],[-1.47787454,43.49743283],[-1.47755212,43.49726682],[-1.47609845,43.4968646],[-1.47505953,43.49662185],[-1.47486573,43.49696238],[-1.47475245,43.49698598],[-1.47427498,43.49686331],[-1.47416752,43.49705699],[-1.47332269,43.49685848],[-1.47274526,43.49677148],[-1.4721329,43.49679225],[-1.47162654,43.49687082],[-1.46939115,43.49770018],[-1.46862736,43.49809755],[-1.46838001,43.4984664],[-1.46802391,43.49836034],[-1.46780316,43.49835502],[-1.46751618,43.49826232],[-1.4675879,43.49808634],[-1.46740623,43.49804247],[-1.46729433,43.49784523],[-1.46723611,43.4978287],[-1.4670195,43.49798812],[-1.46620206,43.49795063],[-1.46376203,43.4968815],[-1.4636059,43.49705464],[-1.46346955,43.49681335],[-1.46335731,43.49675489],[-1.46251779,43.49684715],[-1.46196865,43.49702836],[-1.46171332,43.49719928],[-1.46118203,43.49770596],[-1.46013368,43.49750041],[-1.45991213,43.4970067],[-1.46082222,43.49426943],[-1.46062779,43.49364664],[-1.46046178,43.49356516],[-1.46019868,43.49355617],[-1.45890121,43.49364832],[-1.45867324,43.49361355],[-1.45861272,43.49351962],[-1.45986724,43.49112144],[-1.46018424,43.49074073],[-1.46028571,43.49066085],[-1.46064442,43.49051452],[-1.46097096,43.49044791],[-1.46159918,43.49044096],[-1.46208655,43.49054885],[-1.46249534,43.49009136],[-1.46308838,43.48958392],[-1.46371333,43.48912113],[-1.46634052,43.49123235],[-1.46857049,43.49249931],[-1.46894996,43.49271525],[-1.47157765,43.4944785],[-1.474385,43.49544758],[-1.47714179,43.49629072]]]]},"geometry_name":"geometrie","properties":{"cleabs":"IRIS____0000000641020602","code_insee":"64102","nom_commune":"Bayonne","iris":"0602","code_iris":"641020602","nom_iris":"Saint-Esprit","type_iris":"H"}},{"type":"Feature","id":"contours_iris.12772","geometry":{"type":"MultiPolygon","coordinates":[[[[-1.48279411,43.48771599],[-1.48382698,43.48751825],[-1.4867572,43.48684543],[-1.48949411,43.4861544],[-1.49011538,43.48762636],[-1.49019953,43.48794278],[-1.49029809,43.48936162],[-1.49104199,43.49279661],[-1.49130912,43.49383808],[-1.49099493,43.49404666],[-1.49073849,43.49448714],[-1.49058628,43.49458266],[-1.49039546,43.49459598],[-1.49004439,43.49447535],[-1.48962958,43.49631017],[-1.48924592,43.4958836],[-1.48860058,43.49567243],[-1.48774259,43.49519522],[-1.48754396,43.49483938],[-1.48744818,43.49475413],[-1.48646828,43.49436396],[-1.48621056,43.4943449],[-1.48604599,43.49439316],[-1.48584313,43.49453764],[-1.4856521,43.49454825],[-1.48368558,43.49428361],[-1.48018715,43.49335866],[-1.4800152,43.49334415],[-1.47989192,43.49328706],[-1.48118098,43.49164413],[-1.4814095,43.49127332],[-1.48237032,43.48902577],[-1.48249485,43.48905125],[-1.4826926,43.48861953],[-1.48279279,43.48825403],[-1.48279411,43.48771599]]]]},"geometry_name":"geometrie","properties":{"cleabs":"IRIS____0000000641020701","code_insee":"64102","nom_commune":"Bayonne","iris":"0701","code_iris":"641020701","nom_iris":"Arènes-Lachepaillet","type_iris":"H"}},{"type":"Feature","id":"contours_iris.12886","geometry":{"type":"MultiPolygon","coordinates":[[[[-1.49225538,43.50096575],[-1.4919332,43.50113591],[-1.49098368,43.50230713],[-1.48558008,43.49941024],[-1.48243402,43.49800848],[-1.4817172,43.49769028],[-1.47714179,43.49629072],[-1.47780583,43.49536123],[-1.47836096,43.4951941],[-1.47821513,43.4951019],[-1.47812701,43.49495596],[-1.47820907,43.49475431],[-1.47833071,43.49464745],[-1.4788192,43.49448308],[-1.47924969,43.49406698],[-1.47989192,43.49328706],[-1.4800152,43.49334415],[-1.48018715,43.49335866],[-1.48368558,43.49428361],[-1.4856521,43.49454825],[-1.48584313,43.49453764],[-1.48604599,43.49439316],[-1.48621056,43.4943449],[-1.48646828,43.49436396],[-1.48744818,43.49475413],[-1.48754396,43.49483938],[-1.48774259,43.49519522],[-1.48860058,43.49567243],[-1.48924592,43.4958836],[-1.48962958,43.49631017],[-1.49004439,43.49447535],[-1.49039546,43.49459598],[-1.49058628,43.49458266],[-1.49073849,43.49448714],[-1.49099493,43.49404666],[-1.49130912,43.49383808],[-1.49139479,43.49418959],[-1.49156818,43.49460234],[-1.49115521,43.49622261],[-1.49127004,43.49734249],[-1.49092949,43.49794236],[-1.48956421,43.499448],[-1.49121304,43.50033309],[-1.49225538,43.50096575]]]]},"geometry_name":"geometrie","properties":{"cleabs":"IRIS____0000000641020702","code_insee":"64102","nom_commune":"Bayonne","iris":"0702","code_iris":"641020702","nom_iris":"Arènes-Allées Marines","type_iris":"H"}},{"type":"Feature","id":"contours_iris.13445","geometry":{"type":"MultiPolygon","coordinates":[[[[-1.47185811,43.48291614],[-1.47095602,43.48229735],[-1.4702941,43.4816317],[-1.47018359,43.48084777],[-1.47042049,43.47975753],[-1.47165632,43.47832148],[-1.47282491,43.47730993],[-1.47487113,43.47673159],[-1.47880919,43.4748819],[-1.479218,43.4751894],[-1.47967612,43.47563724],[-1.47991866,43.47573264],[-1.47927199,43.47611984],[-1.47935234,43.4762616],[-1.47946907,43.47631445],[-1.47958632,43.4763105],[-1.48002827,43.47615435],[-1.48021026,43.47613961],[-1.4804131,43.47629703],[-1.48064413,43.4766254],[-1.48206935,43.47563826],[-1.48247327,43.47596217],[-1.48297515,43.4762568],[-1.48301712,43.47635059],[-1.48279564,43.4763985],[-1.48262841,43.47650725],[-1.48175038,43.47748167],[-1.48148156,43.47904815],[-1.48150384,43.47920673],[-1.48171112,43.4796271],[-1.48277799,43.4811987],[-1.48265937,43.4815974],[-1.4826751,43.48181483],[-1.48256788,43.48231219],[-1.48246871,43.48238928],[-1.48249445,43.4826081],[-1.48239721,43.48316993],[-1.48276913,43.48495412],[-1.48292194,43.48681677],[-1.48303509,43.48688688],[-1.48295777,43.48695856],[-1.48295877,43.4871775],[-1.48279411,43.48771599],[-1.48220481,43.48785662],[-1.48185914,43.4877727],[-1.48107545,43.48723019],[-1.48054061,43.48699008],[-1.48005114,43.48666518],[-1.47961941,43.48650911],[-1.4786984,43.48645888],[-1.47765584,43.48631004],[-1.47768145,43.48646397],[-1.4775096,43.48670447],[-1.47699112,43.48697552],[-1.47667525,43.48708319],[-1.47634694,43.48704719],[-1.47631787,43.48696008],[-1.47639046,43.48687508],[-1.47646903,43.48659699],[-1.47638003,43.48620146],[-1.47477419,43.48646335],[-1.47454899,43.4857968],[-1.47384471,43.48479498],[-1.47255362,43.48339296],[-1.47185811,43.48291614]]]]},"geometry_name":"geometrie","properties":{"cleabs":"IRIS____0000000641020901","code_insee":"64102","nom_commune":"Bayonne","iris":"0901","code_iris":"641020901","nom_iris":"Saint-Léon-Marracq","type_iris":"H"}},{"type":"Feature","id":"contours_iris.13508","geometry":{"type":"MultiPolygon","coordinates":[[[[-1.49077407,43.47526779],[-1.49068284,43.47573115],[-1.49109304,43.47634044],[-1.49140094,43.47644842],[-1.49236092,43.47731516],[-1.49245688,43.47721296],[-1.492888,43.47714011],[-1.49292952,43.47724382],[-1.49292076,43.4774956],[-1.49284649,43.4778276],[-1.4927398,43.47801405],[-1.49288423,43.47813603],[-1.49291355,43.47827359],[-1.49310136,43.47825408],[-1.49377801,43.47834586],[-1.49327308,43.48105042],[-1.49228389,43.48297575],[-1.49221708,43.48387787],[-1.49225433,43.48457561],[-1.4927422,43.48472119],[-1.49252383,43.48550524],[-1.49145426,43.48569197],[-1.49025922,43.4859677],[-1.48949411,43.4861544],[-1.4867572,43.48684543],[-1.48382698,43.48751825],[-1.48279411,43.48771599],[-1.48295877,43.4871775],[-1.48295777,43.48695856],[-1.48303509,43.48688688],[-1.48292194,43.48681677],[-1.48276913,43.48495412],[-1.48239721,43.48316993],[-1.48249445,43.4826081],[-1.48246871,43.48238928],[-1.48256788,43.48231219],[-1.4826751,43.48181483],[-1.48265937,43.4815974],[-1.48277799,43.4811987],[-1.48312106,43.48075826],[-1.4834375,43.48069019],[-1.48381422,43.48052231],[-1.48430126,43.4804679],[-1.48496124,43.48007652],[-1.48498498,43.48001606],[-1.4850901,43.48004685],[-1.48554437,43.47998478],[-1.48622771,43.47955998],[-1.48702795,43.47947547],[-1.48737009,43.47937208],[-1.48781836,43.4791066],[-1.48905419,43.47824616],[-1.48924751,43.47805973],[-1.48951098,43.47759914],[-1.48976118,43.4773013],[-1.48978917,43.47716857],[-1.48904992,43.47580064],[-1.48905661,43.47571205],[-1.48915873,43.47564114],[-1.49077407,43.47526779]]]]},"geometry_name":"geometrie","properties":{"cleabs":"IRIS____0000000641020902","code_insee":"64102","nom_commune":"Bayonne","iris":"0902","code_iris":"641020902","nom_iris":"Saint-Léon-Saint-Crouts","type_iris":"H"}},{"type":"Feature","id":"contours_iris.13559","geometry":{"type":"MultiPolygon","coordinates":[[[[-1.48186378,43.46440785],[-1.48115983,43.46375753],[-1.48065252,43.46289992],[-1.48059134,43.46225815],[-1.48074752,43.46156412],[-1.48107511,43.46070441],[-1.48157418,43.46001332],[-1.48207031,43.4596017],[-1.48276629,43.45916738],[-1.48360742,43.45880184],[-1.48526811,43.45836541],[-1.48563809,43.45819238],[-1.48597885,43.45785116],[-1.48567703,43.45721755],[-1.48453865,43.45629419],[-1.48469029,43.45600226],[-1.48475688,43.45515965],[-1.48498796,43.45501401],[-1.48542119,43.45501769],[-1.4855394,43.4555021],[-1.48589281,43.45579835],[-1.48614302,43.45581862],[-1.48632663,43.45571459],[-1.48643206,43.4553696],[-1.48671272,43.45506691],[-1.48716128,43.4550294],[-1.48740597,43.4551373],[-1.48754732,43.45529995],[-1.48798956,43.45532398],[-1.48814197,43.45527981],[-1.48820724,43.45497523],[-1.48838666,43.45486506],[-1.48860415,43.45486236],[-1.48888326,43.45509409],[-1.48916689,43.45514631],[-1.48929638,43.45507786],[-1.48934192,43.4547741],[-1.48953706,43.45458037],[-1.48990063,43.45451573],[-1.49036691,43.45460994],[-1.49034854,43.45405831],[-1.4906676,43.45400993],[-1.49088888,43.45383405],[-1.49197974,43.45345268],[-1.49215869,43.45332089],[-1.4926188,43.45259262],[-1.4927615,43.45217128],[-1.49283558,43.45175819],[-1.49278104,43.4510765],[-1.49353645,43.44987008],[-1.49366802,43.45000249],[-1.4939409,43.45002811],[-1.49482141,43.45050069],[-1.4952132,43.45090796],[-1.49534942,43.45124203],[-1.49530447,43.45259649],[-1.49455087,43.45518608],[-1.4942712,43.45562753],[-1.49384862,43.45723106],[-1.49486804,43.4570743],[-1.49612451,43.45980484],[-1.49603449,43.46059887],[-1.4960986,43.46135497],[-1.49599058,43.46191906],[-1.49613239,43.46243493],[-1.49636375,43.46284615],[-1.49683588,43.46333028],[-1.49726656,43.46360076],[-1.49852233,43.46405955],[-1.49843716,43.46412526],[-1.49794919,43.46449788],[-1.49736533,43.464341],[-1.49704658,43.46450473],[-1.49703431,43.46474314],[-1.49721124,43.46502776],[-1.49720426,43.46585529],[-1.49676313,43.46605204],[-1.49651055,43.46728267],[-1.49665734,43.46784609],[-1.49607093,43.46852647],[-1.49484628,43.46881431],[-1.49469408,43.46901977],[-1.49453366,43.46897777],[-1.49420939,43.46910297],[-1.49421702,43.46918466],[-1.49373375,43.46964987],[-1.49292255,43.46998811],[-1.49269099,43.47118812],[-1.49217825,43.4714509],[-1.49219959,43.47153382],[-1.49165553,43.4717285],[-1.49154778,43.47185372],[-1.49125508,43.47176583],[-1.49089472,43.47184115],[-1.49057013,43.47177261],[-1.4899969,43.47227488],[-1.48992349,43.47299793],[-1.49035823,43.47373146],[-1.49059038,43.47375698],[-1.49074939,43.47420817],[-1.49069749,43.47492132],[-1.49077407,43.47526779],[-1.48915873,43.47564114],[-1.48905661,43.47571205],[-1.48904992,43.47580064],[-1.48978917,43.47716857],[-1.48976118,43.4773013],[-1.48951098,43.47759914],[-1.48924751,43.47805973],[-1.48905419,43.47824616],[-1.48781836,43.4791066],[-1.48737009,43.47937208],[-1.48702795,43.47947547],[-1.48622771,43.47955998],[-1.48554437,43.47998478],[-1.4850901,43.48004685],[-1.48498498,43.48001606],[-1.48496124,43.48007652],[-1.48430126,43.4804679],[-1.48381422,43.48052231],[-1.4834375,43.48069019],[-1.48312106,43.48075826],[-1.48277799,43.4811987],[-1.48171112,43.4796271],[-1.48150384,43.47920673],[-1.48148156,43.47904815],[-1.48175038,43.47748167],[-1.48262841,43.47650725],[-1.48279564,43.4763985],[-1.48301712,43.47635059],[-1.48297515,43.4762568],[-1.48247327,43.47596217],[-1.48206935,43.47563826],[-1.48064413,43.4766254],[-1.4804131,43.47629703],[-1.48021026,43.47613961],[-1.48002827,43.47615435],[-1.47958632,43.4763105],[-1.47946907,43.47631445],[-1.47935234,43.4762616],[-1.47927199,43.47611984],[-1.47991866,43.47573264],[-1.47967612,43.47563724],[-1.479218,43.4751894],[-1.47880919,43.4748819],[-1.48205885,43.47306145],[-1.48335223,43.47249517],[-1.483981,43.47178428],[-1.4842357,43.47097353],[-1.48434655,43.4688747],[-1.48429242,43.46837141],[-1.48388817,43.46721848],[-1.48274911,43.46533721],[-1.48186378,43.46440785]]]]},"geometry_name":"geometrie","properties":{"cleabs":"IRIS____0000000641020903","code_insee":"64102","nom_commune":"Bayonne","iris":"0903","code_iris":"641020903","nom_iris":"Saint-Léon-Maignon","type_iris":"H"}},{"type":"Feature","id":"contours_iris.13634","geometry":{"type":"MultiPolygon","coordinates":[[[[-1.46053043,43.49897456],[-1.45993463,43.49935233],[-1.4598394,43.49949683],[-1.45972677,43.5001665],[-1.45988598,43.50068621],[-1.45952414,43.50171759],[-1.45827013,43.50173404],[-1.45779817,43.50179401],[-1.45726911,43.50196356],[-1.4571026,43.50208305],[-1.45692557,43.50229039],[-1.45671736,43.50239898],[-1.45639835,43.50240399],[-1.45624747,43.5022624],[-1.45600332,43.50225893],[-1.45582893,43.50238865],[-1.45546682,43.50246031],[-1.45262337,43.50327647],[-1.45210654,43.50338061],[-1.45201751,43.50335002],[-1.45188288,43.50336997],[-1.45181708,43.50344747],[-1.45156459,43.50357589],[-1.44657343,43.50500365],[-1.44671725,43.50486258],[-1.44672784,43.50464767],[-1.44682565,43.50431204],[-1.44713049,43.50370839],[-1.44812094,43.50239894],[-1.44803694,43.50232129],[-1.44805479,43.50216827],[-1.44816229,43.50210168],[-1.44832101,43.50210507],[-1.44846812,43.50184672],[-1.44894413,43.50131173],[-1.44994893,43.50038015],[-1.45038027,43.50017951],[-1.45043447,43.50009618],[-1.45043795,43.49996537],[-1.45093741,43.49946185],[-1.4509516,43.4994054],[-1.45114395,43.49933171],[-1.45143889,43.49911234],[-1.45187358,43.49874754],[-1.45192318,43.49860493],[-1.45223636,43.49833344],[-1.45267551,43.49804235],[-1.4548265,43.49857932],[-1.45517457,43.49788015],[-1.45541704,43.49760705],[-1.45585964,43.49734464],[-1.45614543,43.49723106],[-1.45623983,43.49728305],[-1.45632067,43.49724007],[-1.45685434,43.49743349],[-1.45725598,43.49772786],[-1.45846516,43.49954257],[-1.45861123,43.49952664],[-1.4587031,43.49957783],[-1.45947177,43.49897127],[-1.46053043,43.49897456]]]]},"geometry_name":"geometrie","properties":{"cleabs":"IRIS____0000000641021001","code_insee":"64102","nom_commune":"Bayonne","iris":"1001","code_iris":"641021001","nom_iris":"Hauts de Sainte-Croix","type_iris":"H"}},{"type":"Feature","id":"contours_iris.13708","geometry":{"type":"MultiPolygon","coordinates":[[[[-1.46118203,43.49770596],[-1.46063867,43.49887008],[-1.46052759,43.49890619],[-1.46053043,43.49897456],[-1.45947177,43.49897127],[-1.4587031,43.49957783],[-1.45861123,43.49952664],[-1.45846516,43.49954257],[-1.45725598,43.49772786],[-1.45685434,43.49743349],[-1.45632067,43.49724007],[-1.45623983,43.49728305],[-1.45614543,43.49723106],[-1.45585964,43.49734464],[-1.45541704,43.49760705],[-1.45517457,43.49788015],[-1.4548265,43.49857932],[-1.45267551,43.49804235],[-1.45223636,43.49833344],[-1.45192318,43.49860493],[-1.45187358,43.49874754],[-1.45143889,43.49911234],[-1.45114395,43.49933171],[-1.4509516,43.4994054],[-1.45093741,43.49946185],[-1.45043795,43.49996537],[-1.45043447,43.50009618],[-1.45038027,43.50017951],[-1.44994893,43.50038015],[-1.44894413,43.50131173],[-1.44846812,43.50184672],[-1.44832101,43.50210507],[-1.44816229,43.50210168],[-1.44805479,43.50216827],[-1.44803694,43.50232129],[-1.44812094,43.50239894],[-1.44713049,43.50370839],[-1.44682565,43.50431204],[-1.44672784,43.50464767],[-1.44671725,43.50486258],[-1.44657343,43.50500365],[-1.44639959,43.50504502],[-1.4462523,43.50502944],[-1.4437412,43.50950293],[-1.44352969,43.50984142],[-1.44325642,43.51014999],[-1.44293354,43.50951351],[-1.44245002,43.50875295],[-1.44110948,43.5069804],[-1.44069469,43.5062756],[-1.44049898,43.50584206],[-1.44022701,43.50498272],[-1.44009454,43.50389418],[-1.44017138,43.50285473],[-1.44036328,43.50210254],[-1.44052512,43.50166607],[-1.44095921,43.50082825],[-1.44125226,43.50039181],[-1.4418712,43.49965546],[-1.4425909,43.49898976],[-1.44341924,43.49838448],[-1.44579235,43.4970589],[-1.44663372,43.49651073],[-1.44717858,43.49608196],[-1.44787077,43.49542997],[-1.44840456,43.49481061],[-1.44907616,43.49374944],[-1.44936899,43.4930877],[-1.44997373,43.49325661],[-1.45082247,43.49368312],[-1.45144177,43.49386404],[-1.45228953,43.49397429],[-1.45289281,43.49394859],[-1.45389302,43.4916835],[-1.4539131,43.49151146],[-1.45483075,43.49167738],[-1.45515438,43.49179654],[-1.45553035,43.49200005],[-1.45758765,43.49327794],[-1.45767516,43.49341672],[-1.45772354,43.49376887],[-1.45802567,43.49373842],[-1.45861272,43.49351962],[-1.45867324,43.49361355],[-1.45890121,43.49364832],[-1.46019868,43.49355617],[-1.46046178,43.49356516],[-1.46062779,43.49364664],[-1.46082222,43.49426943],[-1.45991213,43.4970067],[-1.46013368,43.49750041],[-1.46118203,43.49770596]]]]},"geometry_name":"geometrie","properties":{"cleabs":"IRIS____0000000641021002","code_insee":"64102","nom_commune":"Bayonne","iris":"1002","code_iris":"641021002","nom_iris":"Sainte-Croix-Grand Basque","type_iris":"H"}},{"type":"Feature","id":"contours_iris.13792","geometry":{"type":"MultiPolygon","coordinates":[[[[-1.5023749,43.48314615],[-1.5021639,43.48335948],[-1.50218301,43.48368221],[-1.50119273,43.48439021],[-1.50003496,43.48425628],[-1.49971577,43.48435245],[-1.49775693,43.48838625],[-1.49668165,43.49068197],[-1.49601246,43.4918416],[-1.49600474,43.49185363],[-1.49567717,43.49162211],[-1.49360226,43.49039882],[-1.49318593,43.49009257],[-1.49197957,43.48875302],[-1.49158379,43.48842429],[-1.49164113,43.4883345],[-1.49161118,43.48815731],[-1.49151607,43.48806483],[-1.49129642,43.48800996],[-1.4912027,43.4877453],[-1.49075527,43.48713575],[-1.4904336,43.48652008],[-1.49025922,43.4859677],[-1.49145426,43.48569197],[-1.49252383,43.48550524],[-1.4927422,43.48472119],[-1.49225433,43.48457561],[-1.49221708,43.48387787],[-1.49228389,43.48297575],[-1.49327308,43.48105042],[-1.49625022,43.48134592],[-1.49637085,43.48141661],[-1.49715189,43.4821772],[-1.50140733,43.47995934],[-1.50124777,43.47945502],[-1.50115083,43.47933919],[-1.50151507,43.47774974],[-1.50156858,43.47767453],[-1.50411962,43.47795056],[-1.50457952,43.47794496],[-1.5048808,43.47888314],[-1.50456961,43.47979093],[-1.50477894,43.48006158],[-1.50485022,43.48128599],[-1.5023749,43.48314615]]]]},"geometry_name":"geometrie","properties":{"cleabs":"IRIS____0000000641021101","code_insee":"64102","nom_commune":"Bayonne","iris":"1101","code_iris":"641021101","nom_iris":"Beyris-Saint-Amand","type_iris":"H"}},{"type":"Feature","id":"contours_iris.13851","geometry":{"type":"MultiPolygon","coordinates":[[[[-1.492888,43.47714011],[-1.49375733,43.47711666],[-1.49400278,43.47639457],[-1.49477538,43.4757993],[-1.49570018,43.47552031],[-1.49656487,43.47551686],[-1.49694494,43.47569302],[-1.49726797,43.47599411],[-1.49683677,43.47712493],[-1.49819179,43.4771723],[-1.49913914,43.47737085],[-1.50156858,43.47767453],[-1.50151507,43.47774974],[-1.50115083,43.47933919],[-1.50124777,43.47945502],[-1.50140733,43.47995934],[-1.49715189,43.4821772],[-1.49637085,43.48141661],[-1.49625022,43.48134592],[-1.49327308,43.48105042],[-1.49377801,43.47834586],[-1.49310136,43.47825408],[-1.49291355,43.47827359],[-1.49288423,43.47813603],[-1.4927398,43.47801405],[-1.49284649,43.4778276],[-1.49292076,43.4774956],[-1.49292952,43.47724382],[-1.492888,43.47714011]]]]},"geometry_name":"geometrie","properties":{"cleabs":"IRIS____0000000641021102","code_insee":"64102","nom_commune":"Bayonne","iris":"1102","code_iris":"641021102","nom_iris":"Beyris-Polo","type_iris":"H"}},{"type":"Feature","id":"contours_iris.13975","geometry":{"type":"MultiPolygon","coordinates":[[[[-1.49098368,43.50230713],[-1.49091931,43.50238639],[-1.4904089,43.50301493],[-1.49153707,43.50460197],[-1.49248917,43.50658021],[-1.49276393,43.50858832],[-1.49261874,43.51060935],[-1.49205127,43.51194947],[-1.48726679,43.51194852],[-1.4867251,43.51211513],[-1.48650126,43.51267321],[-1.48594244,43.51308023],[-1.48604545,43.51335263],[-1.48580422,43.51370415],[-1.48547123,43.51397477],[-1.48485151,43.51423652],[-1.48429535,43.51410723],[-1.48370748,43.51373054],[-1.48313581,43.51367218],[-1.48313239,43.51332718],[-1.48299411,43.51326891],[-1.47775471,43.51358013],[-1.47681785,43.51374499],[-1.47651067,43.51368018],[-1.47523942,43.51392372],[-1.47446113,43.51458216],[-1.47434461,43.5145329],[-1.47418545,43.51461968],[-1.47395029,43.51452575],[-1.47362798,43.51469586],[-1.47317418,43.51467223],[-1.47242986,43.51514722],[-1.47232525,43.51499654],[-1.47214375,43.51492382],[-1.47215317,43.51520369],[-1.47199722,43.5151092],[-1.4718576,43.51524022],[-1.4720065,43.51533951],[-1.47193446,43.51549568],[-1.47174577,43.51547373],[-1.47155575,43.51521212],[-1.47142021,43.51518888],[-1.47132909,43.5152431],[-1.47148242,43.51546296],[-1.47139232,43.51546668],[-1.47142228,43.51559701],[-1.47135047,43.51567657],[-1.47123917,43.5156307],[-1.47118535,43.51568699],[-1.47132372,43.51593721],[-1.47121817,43.51593345],[-1.47110977,43.51576581],[-1.47099842,43.51591008],[-1.47072405,43.51586913],[-1.47063992,43.51601318],[-1.47038861,43.51602985],[-1.47026829,43.51596362],[-1.47019283,43.51612354],[-1.46967782,43.51585461],[-1.46934602,43.51588721],[-1.4692362,43.51600348],[-1.46928327,43.51633767],[-1.4691198,43.51652825],[-1.46848661,43.51688868],[-1.46577771,43.51632176],[-1.46610051,43.51575966],[-1.46667922,43.5150969],[-1.46685678,43.51483275],[-1.46731153,43.51373893],[-1.46759055,43.51326694],[-1.46876165,43.5130889],[-1.46902661,43.5129455],[-1.46911109,43.51285371],[-1.46914005,43.5126849],[-1.46883266,43.51179011],[-1.4686727,43.51148491],[-1.46855498,43.51135639],[-1.46851618,43.51095338],[-1.46832764,43.51047183],[-1.46826667,43.51032475],[-1.4681697,43.51027198],[-1.46782264,43.51025114],[-1.46740692,43.51017546],[-1.46652742,43.50974041],[-1.46632457,43.50967938],[-1.46527026,43.5095435],[-1.46508758,43.5095348],[-1.46485567,43.5095777],[-1.46461552,43.50970564],[-1.46434188,43.50996023],[-1.46417049,43.50998531],[-1.46410836,43.51003022],[-1.4637528,43.509916],[-1.46363984,43.5098008],[-1.46361428,43.50966308],[-1.46399849,43.5071682],[-1.46401221,43.50673959],[-1.46381656,43.5062295],[-1.46355219,43.50580693],[-1.46334747,43.50557837],[-1.46330524,43.50538546],[-1.46336676,43.50452053],[-1.4638296,43.50348317],[-1.46371432,43.50336987],[-1.46380664,43.50325163],[-1.46395796,43.5032553],[-1.46406549,43.50336442],[-1.46416635,43.50337198],[-1.46792618,43.50357928],[-1.46805613,43.50354689],[-1.46957382,43.50359334],[-1.46966475,43.50364816],[-1.47255352,43.50406786],[-1.47316096,43.50409415],[-1.47360886,43.50404322],[-1.47399965,43.50394238],[-1.47441677,43.50376655],[-1.47551761,43.50295962],[-1.47601989,43.50266943],[-1.47693384,43.50235593],[-1.47722998,43.50191474],[-1.47794133,43.50160689],[-1.47834166,43.50132721],[-1.47860519,43.50099191],[-1.47884788,43.50057996],[-1.47908046,43.50051448],[-1.4793161,43.50059936],[-1.47951774,43.50072439],[-1.4798946,43.50031861],[-1.48031942,43.49989283],[-1.48121446,43.49922681],[-1.48141751,43.49894176],[-1.48167728,43.49890759],[-1.48182303,43.49882406],[-1.48243402,43.49800848],[-1.48558008,43.49941024],[-1.49098368,43.50230713]]]]},"geometry_name":"geometrie","properties":{"cleabs":"IRIS____0000000641021201","code_insee":"64102","nom_commune":"Bayonne","iris":"1201","code_iris":"641021201","nom_iris":"Saint-Bernard-Matras","type_iris":"H"}},{"type":"Feature","id":"contours_iris.16401","geometry":{"type":"MultiPolygon","coordinates":[[[[-1.5399572,43.4476351],[-1.54029752,43.44602488],[-1.54026543,43.44541525],[-1.53993572,43.44509294],[-1.53956037,43.44428683],[-1.53882862,43.44379124],[-1.53876225,43.44343627],[-1.53859297,43.44334424],[-1.5381945,43.44271482],[-1.53856194,43.44082142],[-1.53900022,43.44052999],[-1.53888194,43.44037905],[-1.53927828,43.43997944],[-1.53921124,43.43988223],[-1.53925984,43.43944854],[-1.53976209,43.43938782],[-1.53980585,43.43898678],[-1.53816917,43.43832188],[-1.5381002,43.43743263],[-1.5360759,43.43723002],[-1.53529032,43.43678713],[-1.53446086,43.43536473],[-1.53330494,43.43378479],[-1.53204537,43.43179916],[-1.53199905,43.43102341],[-1.53269328,43.43071679],[-1.53330955,43.43014309],[-1.53356873,43.42977628],[-1.53390316,43.42899991],[-1.53393512,43.42829207],[-1.53428406,43.42806028],[-1.53464533,43.42754591],[-1.53470008,43.42701735],[-1.5344042,43.42589972],[-1.53484912,43.4259757],[-1.53523727,43.42517545],[-1.53538309,43.4250648],[-1.53789403,43.42526683],[-1.53990559,43.42287104],[-1.53975473,43.42255746],[-1.53943512,43.42250238],[-1.53926467,43.42236355],[-1.53932373,43.42207811],[-1.53916241,43.4219452],[-1.53903012,43.42153803],[-1.53909838,43.42133782],[-1.54067743,43.42105981],[-1.54059545,43.42013147],[-1.54022212,43.41883237],[-1.53958393,43.41878165],[-1.53925014,43.41864066],[-1.53905176,43.41864898],[-1.5390414,43.41781316],[-1.53768801,43.41631277],[-1.53720058,43.41552489],[-1.53690942,43.41470175],[-1.53725213,43.41465855],[-1.53714338,43.41423597],[-1.53687341,43.41375978],[-1.53652186,43.41392591],[-1.53596766,43.41305883],[-1.53550355,43.41319273],[-1.5335943,43.41312135],[-1.53325725,43.41328326],[-1.53256981,43.41340668],[-1.53208399,43.41359464],[-1.53189211,43.41343417],[-1.53155094,43.41338718],[-1.53145909,43.4132883],[-1.53140408,43.41271568],[-1.53179507,43.41239112],[-1.53189947,43.41213173],[-1.53178923,43.41206606],[-1.53169966,43.41179226],[-1.53175214,43.41136023],[-1.53166591,43.41105025],[-1.53180749,43.41090194],[-1.5317092,43.41079972],[-1.53172229,43.41062075],[-1.53156971,43.41064517],[-1.53146285,43.41051267],[-1.53111794,43.41046494],[-1.53080701,43.40976607],[-1.53089833,43.40945046],[-1.5307649,43.40912173],[-1.53128622,43.40883587],[-1.5314004,43.40830843],[-1.53135575,43.40800843],[-1.53099571,43.40769009],[-1.53072523,43.40687689],[-1.53056034,43.40682342],[-1.53006364,43.40589985],[-1.53029248,43.40489813],[-1.5305703,43.40458101],[-1.5306464,43.40422909],[-1.53077684,43.40406503],[-1.53029603,43.40295066],[-1.5297219,43.40253405],[-1.5293937,43.40199181],[-1.5293025,43.40160274],[-1.52893436,43.40103963],[-1.52890116,43.40063372],[-1.52905035,43.39987594],[-1.52895542,43.39939241],[-1.52874945,43.39897391],[-1.52884584,43.39801649],[-1.52901539,43.39762732],[-1.52971509,43.39736373],[-1.53081283,43.39724296],[-1.53103851,43.39712718],[-1.53338818,43.39713326],[-1.5337694,43.39685866],[-1.53410259,43.39677441],[-1.53491532,43.39612667],[-1.53560754,43.39584714],[-1.53681193,43.39577861],[-1.53711944,43.39550979],[-1.53770036,43.3952295],[-1.53801033,43.39491372],[-1.53832101,43.39473218],[-1.53859491,43.39436655],[-1.53885507,43.39377982],[-1.53911395,43.39375634],[-1.53959867,43.39329084],[-1.54001904,43.39309027],[-1.54040929,43.39258638],[-1.54073686,43.39263481],[-1.53996004,43.39478505],[-1.54114483,43.3955328],[-1.54267282,43.39632291],[-1.54275905,43.39644454],[-1.54316928,43.39763302],[-1.54333663,43.39776476],[-1.54315452,43.39783729],[-1.5444171,43.39975592],[-1.54465474,43.40173112],[-1.5454008,43.40230443],[-1.54553076,43.40249451],[-1.54530471,43.40293385],[-1.54548873,43.40280717],[-1.54623643,43.40390126],[-1.54613045,43.40478071],[-1.54617754,43.40518875],[-1.54569754,43.40521432],[-1.54587041,43.40624426],[-1.54519139,43.40620701],[-1.54581308,43.40709824],[-1.54615189,43.40733452],[-1.54642445,43.4076709],[-1.54745795,43.40807984],[-1.54849224,43.40901409],[-1.54964376,43.40974245],[-1.54996501,43.40986591],[-1.55118108,43.40987874],[-1.55161643,43.40969462],[-1.55283004,43.4095985],[-1.5535285,43.4098025],[-1.55392429,43.41024272],[-1.55402477,43.41069987],[-1.5544368,43.41104839],[-1.55436036,43.41123814],[-1.5541034,43.41133367],[-1.55399907,43.41151468],[-1.55424609,43.41152772],[-1.55447058,43.4124113],[-1.55475121,43.41283293],[-1.55474532,43.41303954],[-1.55555107,43.41309934],[-1.55607395,43.41303677],[-1.55642233,43.41281574],[-1.55875512,43.41224167],[-1.55921845,43.41205183],[-1.56017376,43.41279736],[-1.5617877,43.41240221],[-1.56202671,43.41261021],[-1.56366106,43.41337575],[-1.5632009,43.41402596],[-1.56313561,43.41451173],[-1.56321066,43.41530158],[-1.56295918,43.41601148],[-1.56267978,43.41635398],[-1.56261684,43.41697843],[-1.56341039,43.41688368],[-1.56393463,43.41668224],[-1.56450277,43.41732964],[-1.56504777,43.41754545],[-1.56643717,43.41724802],[-1.56649628,43.41652911],[-1.56786202,43.41582533],[-1.56888368,43.41561458],[-1.5689904,43.41599306],[-1.56927098,43.41583703],[-1.56990267,43.41599239],[-1.57047079,43.41640545],[-1.5707717,43.41645852],[-1.57105538,43.41637264],[-1.57094104,43.41599178],[-1.57108921,43.41595849],[-1.57134021,43.41605242],[-1.57134669,43.41633601],[-1.57148473,43.41653293],[-1.57294886,43.41723795],[-1.57467079,43.41841687],[-1.57646038,43.41982361],[-1.57835657,43.42104647],[-1.57652119,43.42193876],[-1.57495423,43.42314409],[-1.57503512,43.42339931],[-1.57479519,43.42412858],[-1.57480327,43.42447879],[-1.57449027,43.42469388],[-1.5728695,43.42738476],[-1.57278847,43.42725211],[-1.57245378,43.4274591],[-1.57065566,43.42773512],[-1.56990338,43.42799308],[-1.56903439,43.42801175],[-1.56781144,43.42821297],[-1.56699917,43.42917905],[-1.56558244,43.42954071],[-1.56401871,43.42943725],[-1.56389603,43.42996329],[-1.56342718,43.43072382],[-1.56259415,43.43130504],[-1.56319491,43.43133378],[-1.56341615,43.43144161],[-1.56342908,43.43191597],[-1.56400318,43.4316088],[-1.56404333,43.43172516],[-1.56385092,43.43207391],[-1.56388828,43.43221742],[-1.56548383,43.43237812],[-1.56591311,43.4325051],[-1.56596873,43.43266046],[-1.5654828,43.43267645],[-1.56477322,43.43291275],[-1.56416015,43.43291607],[-1.56325661,43.43318577],[-1.56212327,43.43376974],[-1.56033025,43.43437789],[-1.55980841,43.43470537],[-1.55932466,43.43532592],[-1.55833279,43.43541816],[-1.55817424,43.43552396],[-1.55809049,43.43584019],[-1.55832,43.43595849],[-1.55956475,43.43737045],[-1.5603254,43.43863428],[-1.56050001,43.4394632],[-1.56112577,43.4404137],[-1.56103194,43.44063393],[-1.56098147,43.44217975],[-1.56062151,43.4429582],[-1.56033773,43.44279533],[-1.56002214,43.44288613],[-1.55275394,43.4405796],[-1.54680913,43.44048703],[-1.54656896,43.44109368],[-1.54490799,43.44382995],[-1.54238624,43.44755484],[-1.5399572,43.4476351]]]]},"geometry_name":"geometrie","properties":{"cleabs":"IRIS____0000000640350000","code_insee":"64035","nom_commune":"Arbonne","iris":"0000","code_iris":"640350000","nom_iris":"Arbonne","type_iris":"Z"}},{"type":"Feature","id":"contours_iris.16416","geometry":{"type":"MultiPolygon","coordinates":[[[[-1.51772336,43.39124571],[-1.52503484,43.39225388],[-1.52616356,43.39320328],[-1.52748621,43.39342907],[-1.53342462,43.39414633],[-1.5327428,43.39515352],[-1.53200261,43.39585947],[-1.53103851,43.39712718],[-1.53081283,43.39724296],[-1.52971509,43.39736373],[-1.52901539,43.39762732],[-1.52884584,43.39801649],[-1.52874945,43.39897391],[-1.52895542,43.39939241],[-1.52905035,43.39987594],[-1.52890116,43.40063372],[-1.52893436,43.40103963],[-1.5293025,43.40160274],[-1.5293937,43.40199181],[-1.5297219,43.40253405],[-1.53029603,43.40295066],[-1.53077684,43.40406503],[-1.5306464,43.40422909],[-1.5305703,43.40458101],[-1.53029248,43.40489813],[-1.53006364,43.40589985],[-1.53056034,43.40682342],[-1.53072523,43.40687689],[-1.53099571,43.40769009],[-1.53135575,43.40800843],[-1.5314004,43.40830843],[-1.53128622,43.40883587],[-1.5307649,43.40912173],[-1.53089833,43.40945046],[-1.53080701,43.40976607],[-1.53111794,43.41046494],[-1.53146285,43.41051267],[-1.53156971,43.41064517],[-1.53172229,43.41062075],[-1.5317092,43.41079972],[-1.53180749,43.41090194],[-1.53166591,43.41105025],[-1.53175214,43.41136023],[-1.53169966,43.41179226],[-1.53178923,43.41206606],[-1.53189947,43.41213173],[-1.53179507,43.41239112],[-1.53140408,43.41271568],[-1.53145909,43.4132883],[-1.53155094,43.41338718],[-1.53189211,43.41343417],[-1.53208399,43.41359464],[-1.53256981,43.41340668],[-1.53325725,43.41328326],[-1.5335943,43.41312135],[-1.53550355,43.41319273],[-1.53596766,43.41305883],[-1.53652186,43.41392591],[-1.53687341,43.41375978],[-1.53714338,43.41423597],[-1.53725213,43.41465855],[-1.53690942,43.41470175],[-1.53720058,43.41552489],[-1.53768801,43.41631277],[-1.5390414,43.41781316],[-1.53905176,43.41864898],[-1.53925014,43.41864066],[-1.53958393,43.41878165],[-1.54022212,43.41883237],[-1.54059545,43.42013147],[-1.54067743,43.42105981],[-1.53909838,43.42133782],[-1.53903012,43.42153803],[-1.53916241,43.4219452],[-1.53932373,43.42207811],[-1.53926467,43.42236355],[-1.53943512,43.42250238],[-1.53975473,43.42255746],[-1.53990559,43.42287104],[-1.53789403,43.42526683],[-1.53538309,43.4250648],[-1.53523727,43.42517545],[-1.53484912,43.4259757],[-1.5344042,43.42589972],[-1.53470008,43.42701735],[-1.53464533,43.42754591],[-1.53428406,43.42806028],[-1.53393512,43.42829207],[-1.53390316,43.42899991],[-1.53356873,43.42977628],[-1.53330955,43.43014309],[-1.53269328,43.43071679],[-1.53199905,43.43102341],[-1.53204537,43.43179916],[-1.53330494,43.43378479],[-1.53446086,43.43536473],[-1.53529032,43.43678713],[-1.5360759,43.43723002],[-1.5381002,43.43743263],[-1.53816917,43.43832188],[-1.53980585,43.43898678],[-1.53976209,43.43938782],[-1.53925984,43.43944854],[-1.53921124,43.43988223],[-1.53927828,43.43997944],[-1.53888194,43.44037905],[-1.53900022,43.44052999],[-1.53856194,43.44082142],[-1.5381945,43.44271482],[-1.53859297,43.44334424],[-1.53876225,43.44343627],[-1.53882862,43.44379124],[-1.53956037,43.44428683],[-1.53993572,43.44509294],[-1.54026543,43.44541525],[-1.54029752,43.44602488],[-1.5399572,43.4476351],[-1.54005546,43.44872228],[-1.54050574,43.45130594],[-1.54005053,43.45409249],[-1.53975977,43.45478055],[-1.5360303,43.45948321],[-1.53557978,43.46092231],[-1.53241226,43.46014837],[-1.52761246,43.45883253],[-1.52506333,43.45825782],[-1.52345604,43.45822224],[-1.52105704,43.45760512],[-1.52052605,43.45738128],[-1.51827386,43.45609743],[-1.5177241,43.45423427],[-1.51708263,43.45251011],[-1.51771627,43.45227821],[-1.51865764,43.4515081],[-1.5187746,43.45157981],[-1.52157246,43.44989681],[-1.52108993,43.44965924],[-1.52122544,43.44952652],[-1.52006414,43.44921365],[-1.51815444,43.44831743],[-1.51736714,43.44761675],[-1.51653605,43.44763341],[-1.51620195,43.44708053],[-1.51593162,43.44526159],[-1.51663901,43.44420658],[-1.516748,43.44383077],[-1.51715073,43.4431327],[-1.517688,43.44166035],[-1.51893078,43.44058929],[-1.51711228,43.43762386],[-1.51419752,43.43743457],[-1.51446685,43.43706919],[-1.51571271,43.43613231],[-1.51242154,43.43625065],[-1.51233048,43.43520102],[-1.51049417,43.43568937],[-1.5101498,43.43308144],[-1.49951541,43.43304556],[-1.50088156,43.43514334],[-1.50049207,43.43522262],[-1.5002721,43.43561924],[-1.50008836,43.43575214],[-1.49977008,43.43579331],[-1.49921798,43.43545401],[-1.49887639,43.43568718],[-1.49886374,43.43546242],[-1.49845664,43.43574337],[-1.49747385,43.43566797],[-1.49710161,43.43612588],[-1.49683621,43.43562597],[-1.49678162,43.4352759],[-1.49553816,43.4345553],[-1.49541795,43.43436205],[-1.49542803,43.43412734],[-1.4951095,43.43386482],[-1.49473417,43.43372992],[-1.49409754,43.43370049],[-1.49340168,43.43378345],[-1.49306658,43.43391],[-1.49147993,43.43283144],[-1.49104044,43.43261899],[-1.48774139,43.43470854],[-1.48731389,43.43479204],[-1.48716107,43.43514711],[-1.48670067,43.43552213],[-1.48633494,43.43557334],[-1.48498085,43.43606379],[-1.48220785,43.43667426],[-1.48163624,43.43695565],[-1.47958964,43.43708182],[-1.47910666,43.4373424],[-1.47862555,43.43778583],[-1.47824064,43.43797206],[-1.47791625,43.43798278],[-1.47762239,43.43786157],[-1.47683376,43.43775452],[-1.47619256,43.43776211],[-1.47574882,43.43803457],[-1.47566479,43.43828946],[-1.475424,43.4383733],[-1.47537147,43.43828627],[-1.4755182,43.43805853],[-1.47518647,43.43784787],[-1.47513202,43.43772036],[-1.47547094,43.4374198],[-1.47527046,43.43651256],[-1.47587993,43.43577999],[-1.4758766,43.43541969],[-1.47656628,43.43500279],[-1.47680862,43.43462151],[-1.4768752,43.43409521],[-1.47668615,43.43373178],[-1.476802,43.43334582],[-1.47719707,43.4330204],[-1.47793891,43.43290861],[-1.47820434,43.4327922],[-1.47860053,43.43286231],[-1.47926742,43.43277254],[-1.48005662,43.43252271],[-1.48062434,43.43242982],[-1.48114332,43.43158473],[-1.48107422,43.43138033],[-1.48115189,43.43123474],[-1.48139933,43.43109384],[-1.48174068,43.43069853],[-1.48168869,43.43057093],[-1.4819542,43.43015444],[-1.4817317,43.42926705],[-1.48167698,43.42847003],[-1.482104,43.42812705],[-1.48232154,43.42753953],[-1.4826127,43.427468],[-1.48274416,43.42707688],[-1.48293812,43.4268688],[-1.48292786,43.42656285],[-1.48277348,43.42637461],[-1.48296735,43.42568985],[-1.48311754,43.42539618],[-1.48360062,43.42494814],[-1.4835227,43.42467833],[-1.48364649,43.42444252],[-1.4839954,43.42428749],[-1.48395341,43.42400268],[-1.48429178,43.42396614],[-1.48446723,43.42375882],[-1.48473804,43.42361694],[-1.48469156,43.42346478],[-1.48475595,43.42310167],[-1.48494252,43.42283081],[-1.4849707,43.42224122],[-1.48469566,43.42126682],[-1.48491445,43.42094957],[-1.48530799,43.42076475],[-1.48590193,43.42066084],[-1.48713746,43.42079434],[-1.48966328,43.42079681],[-1.48966107,43.42100595],[-1.48989476,43.42130714],[-1.49075812,43.42063243],[-1.49124397,43.42036356],[-1.49164026,43.42034081],[-1.49492335,43.41723714],[-1.49912038,43.41682932],[-1.50344365,43.41651882],[-1.50332737,43.41604426],[-1.50343289,43.41586055],[-1.50333135,43.41552686],[-1.50311468,43.41542775],[-1.50281085,43.41483124],[-1.50288817,43.41425582],[-1.50273458,43.41374677],[-1.50228472,43.41340055],[-1.50230478,43.41231478],[-1.50207616,43.41215759],[-1.50219858,43.41190559],[-1.50192792,43.41181142],[-1.5018749,43.41156042],[-1.50172129,43.41142984],[-1.50174858,43.41132057],[-1.5021225,43.41117075],[-1.50290164,43.41065533],[-1.50316306,43.41036331],[-1.50325604,43.4100828],[-1.50443333,43.40950664],[-1.50490215,43.40895907],[-1.50552184,43.40874403],[-1.5072931,43.40767273],[-1.50776595,43.40711417],[-1.508348,43.40578872],[-1.5086659,43.40558714],[-1.50913231,43.4049153],[-1.50947403,43.40481274],[-1.50986827,43.40481253],[-1.51002183,43.4047061],[-1.51037176,43.40462934],[-1.51125705,43.40452394],[-1.51201059,43.40462949],[-1.51244977,43.40461928],[-1.51306846,43.40429791],[-1.51439801,43.40397931],[-1.51481231,43.40401428],[-1.51523402,43.40390747],[-1.5158604,43.40387322],[-1.51723609,43.40351301],[-1.51726019,43.40328492],[-1.51702589,43.40307123],[-1.51698095,43.40284513],[-1.5167312,43.40263929],[-1.51635671,43.40256031],[-1.5161347,43.40239296],[-1.51572123,43.40241562],[-1.51570867,43.40222421],[-1.51598459,43.40191353],[-1.51554676,43.40167318],[-1.51568069,43.40149007],[-1.51614431,43.40122472],[-1.51584809,43.40110372],[-1.51585237,43.40076472],[-1.51631933,43.40076235],[-1.51665456,43.40059336],[-1.51658679,43.40023395],[-1.51618274,43.40012466],[-1.516184,43.40004621],[-1.51673857,43.39975903],[-1.51676632,43.39962451],[-1.51667022,43.39950237],[-1.51683853,43.39939532],[-1.51684386,43.3990698],[-1.51649688,43.39901039],[-1.51641701,43.39889028],[-1.51649882,43.39878323],[-1.51679454,43.39875647],[-1.51689528,43.39867026],[-1.51669364,43.39854171],[-1.51650114,43.39854524],[-1.51631917,43.39866728],[-1.51612809,43.39857884],[-1.51651392,43.39839332],[-1.51638088,43.39806817],[-1.51656976,43.39789268],[-1.51640176,43.39772037],[-1.51676175,43.39731607],[-1.51671546,43.39724591],[-1.51633584,43.39727438],[-1.51670372,43.39690758],[-1.51660076,43.39677672],[-1.51632535,43.39676299],[-1.51626086,43.39669719],[-1.51687963,43.39618927],[-1.51724054,43.39612734],[-1.51737262,43.3953703],[-1.51769988,43.39484841],[-1.51763459,43.39420594],[-1.51793559,43.3941366],[-1.51784595,43.39387632],[-1.51760821,43.39369702],[-1.51749319,43.39341257],[-1.51706266,43.3929025],[-1.51696257,43.39258769],[-1.51713348,43.39199484],[-1.51707155,43.39175683],[-1.51722843,43.39139434],[-1.51761489,43.39132774],[-1.51772336,43.39124571]]]]},"geometry_name":"geometrie","properties":{"cleabs":"IRIS____0000000640380000","code_insee":"64038","nom_commune":"Arcangues","iris":"0000","code_iris":"640380000","nom_iris":"Arcangues","type_iris":"Z"}},{"type":"Feature","id":"contours_iris.17777","geometry":{"type":"MultiPolygon","coordinates":[[[[-1.48453865,43.45629419],[-1.48299824,43.45524329],[-1.48170911,43.45392425],[-1.48075559,43.4534663],[-1.48022601,43.45335304],[-1.479703,43.45335576],[-1.47787542,43.45368097],[-1.47704248,43.45354781],[-1.4767292,43.45336882],[-1.47638268,43.45296954],[-1.4755906,43.45094683],[-1.47507103,43.45005638],[-1.47384578,43.44909327],[-1.47345542,43.4486228],[-1.47325372,43.44798593],[-1.47338941,43.44760006],[-1.47456952,43.44593469],[-1.47508277,43.44450504],[-1.47511728,43.44318529],[-1.47446845,43.43928328],[-1.47522392,43.43915473],[-1.47553779,43.43919942],[-1.47571348,43.43883532],[-1.47545294,43.43864965],[-1.475424,43.4383733],[-1.47566479,43.43828946],[-1.47574882,43.43803457],[-1.47619256,43.43776211],[-1.47683376,43.43775452],[-1.47762239,43.43786157],[-1.47791625,43.43798278],[-1.47824064,43.43797206],[-1.47862555,43.43778583],[-1.47910666,43.4373424],[-1.47958964,43.43708182],[-1.48163624,43.43695565],[-1.48220785,43.43667426],[-1.48498085,43.43606379],[-1.48633494,43.43557334],[-1.48670067,43.43552213],[-1.48716107,43.43514711],[-1.48731389,43.43479204],[-1.48774139,43.43470854],[-1.49104044,43.43261899],[-1.49147993,43.43283144],[-1.49306658,43.43391],[-1.49340168,43.43378345],[-1.49409754,43.43370049],[-1.49473417,43.43372992],[-1.4951095,43.43386482],[-1.49542803,43.43412734],[-1.49541795,43.43436205],[-1.49553816,43.4345553],[-1.49678162,43.4352759],[-1.49683621,43.43562597],[-1.49710161,43.43612588],[-1.49747385,43.43566797],[-1.49845664,43.43574337],[-1.49886374,43.43546242],[-1.49887639,43.43568718],[-1.49921798,43.43545401],[-1.49977008,43.43579331],[-1.50008836,43.43575214],[-1.5002721,43.43561924],[-1.50049207,43.43522262],[-1.50088156,43.43514334],[-1.49951541,43.43304556],[-1.5101498,43.43308144],[-1.51049417,43.43568937],[-1.51233048,43.43520102],[-1.51242154,43.43625065],[-1.51571271,43.43613231],[-1.51446685,43.43706919],[-1.51419752,43.43743457],[-1.51711228,43.43762386],[-1.51893078,43.44058929],[-1.517688,43.44166035],[-1.51715073,43.4431327],[-1.516748,43.44383077],[-1.51663901,43.44420658],[-1.51593162,43.44526159],[-1.51620195,43.44708053],[-1.51653605,43.44763341],[-1.51736714,43.44761675],[-1.51815444,43.44831743],[-1.52006414,43.44921365],[-1.52122544,43.44952652],[-1.52108993,43.44965924],[-1.52157246,43.44989681],[-1.5187746,43.45157981],[-1.51865764,43.4515081],[-1.51771627,43.45227821],[-1.51708263,43.45251011],[-1.51680383,43.4525668],[-1.51636489,43.45219131],[-1.51582083,43.4512651],[-1.51486342,43.451123],[-1.51424153,43.45089031],[-1.51391348,43.45065076],[-1.51325799,43.4503681],[-1.51179578,43.4504759],[-1.51139144,43.45044589],[-1.51102222,43.45059555],[-1.51011878,43.45071519],[-1.5095895,43.45087421],[-1.50928726,43.45086878],[-1.50841837,43.45106626],[-1.5079019,43.45107335],[-1.507522,43.45116577],[-1.50651135,43.45122766],[-1.5063682,43.45101104],[-1.5046845,43.45114959],[-1.50466265,43.45143887],[-1.50392976,43.45124137],[-1.50260995,43.45070422],[-1.4982068,43.44953736],[-1.49805798,43.44954805],[-1.49587372,43.45082917],[-1.49568636,43.45082163],[-1.49482141,43.45050069],[-1.4939409,43.45002811],[-1.49366802,43.45000249],[-1.49353645,43.44987008],[-1.49278104,43.4510765],[-1.49283558,43.45175819],[-1.4927615,43.45217128],[-1.4926188,43.45259262],[-1.49215869,43.45332089],[-1.49197974,43.45345268],[-1.49088888,43.45383405],[-1.4906676,43.45400993],[-1.49034854,43.45405831],[-1.49036691,43.45460994],[-1.48990063,43.45451573],[-1.48953706,43.45458037],[-1.48934192,43.4547741],[-1.48929638,43.45507786],[-1.48916689,43.45514631],[-1.48888326,43.45509409],[-1.48860415,43.45486236],[-1.48838666,43.45486506],[-1.48820724,43.45497523],[-1.48814197,43.45527981],[-1.48798956,43.45532398],[-1.48754732,43.45529995],[-1.48740597,43.4551373],[-1.48716128,43.4550294],[-1.48671272,43.45506691],[-1.48643206,43.4553696],[-1.48632663,43.45571459],[-1.48614302,43.45581862],[-1.48589281,43.45579835],[-1.4855394,43.4555021],[-1.48542119,43.45501769],[-1.48498796,43.45501401],[-1.48475688,43.45515965],[-1.48469029,43.45600226],[-1.48453865,43.45629419]]]]},"geometry_name":"geometrie","properties":{"cleabs":"IRIS____0000000641000000","code_insee":"64100","nom_commune":"Bassussarry","iris":"0000","code_iris":"641000000","nom_iris":"Bassussarry","type_iris":"Z"}},{"type":"Feature","id":"contours_iris.18785","geometry":{"type":"MultiPolygon","coordinates":[[[[-1.59964792,43.414376],[-1.6004699,43.41496197],[-1.60065191,43.41512004],[-1.60135432,43.42218243],[-1.60211434,43.42284222],[-1.60373693,43.42473147],[-1.60407185,43.42499208],[-1.60381207,43.42559251],[-1.60409376,43.42566703],[-1.60424706,43.42532707],[-1.60477603,43.42546318],[-1.60556441,43.42585859],[-1.60569245,43.42580538],[-1.60654515,43.42592319],[-1.60658647,43.42603768],[-1.60794578,43.42587347],[-1.60850023,43.42703672],[-1.60738376,43.42765471],[-1.60524987,43.42920185],[-1.60490995,43.42935781],[-1.60467435,43.42962737],[-1.6027331,43.43044712],[-1.60186191,43.43090232],[-1.60035989,43.43232877],[-1.59930141,43.43195831],[-1.5979598,43.4317738],[-1.59795777,43.43198025],[-1.59916547,43.43219118],[-1.60007647,43.43251114],[-1.59976521,43.43321107],[-1.59904937,43.43400119],[-1.59864699,43.434258],[-1.59844254,43.43468574],[-1.59808734,43.43505319],[-1.59714348,43.43591517],[-1.59678979,43.4360852],[-1.59565988,43.43757507],[-1.59572581,43.43762634],[-1.59546089,43.4380251],[-1.59519476,43.43809948],[-1.59501907,43.43879455],[-1.5945142,43.43978115],[-1.59395767,43.44026077],[-1.59382015,43.44059824],[-1.59295999,43.44176664],[-1.59247421,43.44265239],[-1.59245551,43.4428208],[-1.59269351,43.44295129],[-1.59238686,43.44307604],[-1.59219734,43.44376899],[-1.59173441,43.44444559],[-1.5910041,43.44524348],[-1.59102113,43.44533287],[-1.59081902,43.44537299],[-1.59001095,43.44609576],[-1.58838847,43.44774162],[-1.58814854,43.44789688],[-1.587488,43.44873324],[-1.58707567,43.44875882],[-1.58683946,43.44919329],[-1.58652137,43.44917522],[-1.58653725,43.44909524],[-1.58638722,43.44901328],[-1.58634666,43.44912495],[-1.58674236,43.44935601],[-1.5866807,43.44962177],[-1.58504824,43.4515014],[-1.58283066,43.45456111],[-1.58198758,43.45633698],[-1.58087333,43.45764489],[-1.5800656,43.45887224],[-1.57914518,43.45983489],[-1.57832543,43.46085005],[-1.57796404,43.4613763],[-1.57764695,43.46211696],[-1.57705714,43.46271145],[-1.57668504,43.46200082],[-1.57123647,43.46050881],[-1.57022352,43.46023254],[-1.56990734,43.46014586],[-1.56919529,43.45959284],[-1.56788407,43.45954813],[-1.56841796,43.4590588],[-1.56817102,43.45887817],[-1.56808571,43.45866098],[-1.56663211,43.45744712],[-1.56639722,43.45709115],[-1.56625411,43.45642671],[-1.56589622,43.45607953],[-1.56564984,43.45559427],[-1.56549147,43.45546938],[-1.56485936,43.45559426],[-1.56225135,43.45100997],[-1.55999166,43.44998411],[-1.55869961,43.44941401],[-1.55566327,43.44826307],[-1.55184277,43.44740726],[-1.54238624,43.44755484],[-1.54490799,43.44382995],[-1.54656896,43.44109368],[-1.54680913,43.44048703],[-1.55275394,43.4405796],[-1.56002214,43.44288613],[-1.56033773,43.44279533],[-1.56062151,43.4429582],[-1.56098147,43.44217975],[-1.56103194,43.44063393],[-1.56112577,43.4404137],[-1.56050001,43.4394632],[-1.5603254,43.43863428],[-1.55956475,43.43737045],[-1.55832,43.43595849],[-1.55809049,43.43584019],[-1.55817424,43.43552396],[-1.55833279,43.43541816],[-1.55932466,43.43532592],[-1.55980841,43.43470537],[-1.56033025,43.43437789],[-1.56212327,43.43376974],[-1.56325661,43.43318577],[-1.56416015,43.43291607],[-1.56477322,43.43291275],[-1.5654828,43.43267645],[-1.56596873,43.43266046],[-1.56591311,43.4325051],[-1.56548383,43.43237812],[-1.56388828,43.43221742],[-1.56385092,43.43207391],[-1.56404333,43.43172516],[-1.56400318,43.4316088],[-1.56342908,43.43191597],[-1.56341615,43.43144161],[-1.56319491,43.43133378],[-1.56259415,43.43130504],[-1.56342718,43.43072382],[-1.56389603,43.42996329],[-1.56401871,43.42943725],[-1.56558244,43.42954071],[-1.56699917,43.42917905],[-1.56781144,43.42821297],[-1.56903439,43.42801175],[-1.56990338,43.42799308],[-1.57065566,43.42773512],[-1.57245378,43.4274591],[-1.57278847,43.42725211],[-1.5728695,43.42738476],[-1.57449027,43.42469388],[-1.57480327,43.42447879],[-1.57479519,43.42412858],[-1.57503512,43.42339931],[-1.57495423,43.42314409],[-1.57652119,43.42193876],[-1.57835657,43.42104647],[-1.57996433,43.41951675],[-1.58074309,43.4179482],[-1.5823899,43.41649158],[-1.58411408,43.41603735],[-1.58956114,43.41806927],[-1.59081424,43.41735105],[-1.59184356,43.4170974],[-1.59210766,43.41682846],[-1.59294035,43.41640381],[-1.59560037,43.41533202],[-1.59717752,43.4148649],[-1.59903169,43.41461578],[-1.59964792,43.414376]]]]},"geometry_name":"geometrie","properties":{"cleabs":"IRIS____0000000641250000","code_insee":"64125","nom_commune":"Bidart","iris":"0000","code_iris":"641250000","nom_iris":"Bidart","type_iris":"Z"}},{"type":"Feature","id":"contours_iris.27458","geometry":{"type":"MultiPolygon","coordinates":[[[[-1.60850023,43.42703672],[-1.60794578,43.42587347],[-1.60658647,43.42603768],[-1.60654515,43.42592319],[-1.60569245,43.42580538],[-1.60556441,43.42585859],[-1.60477603,43.42546318],[-1.60424706,43.42532707],[-1.60409376,43.42566703],[-1.60381207,43.42559251],[-1.60407185,43.42499208],[-1.60373693,43.42473147],[-1.60211434,43.42284222],[-1.60135432,43.42218243],[-1.60065191,43.41512004],[-1.6004699,43.41496197],[-1.60090993,43.41508474],[-1.60178364,43.41495746],[-1.60249775,43.41496764],[-1.60347506,43.41509999],[-1.60379856,43.41500242],[-1.60455256,43.41507847],[-1.60452421,43.41521846],[-1.60531771,43.41530905],[-1.60534604,43.41519971],[-1.61087069,43.41615487],[-1.6111419,43.41596037],[-1.61130214,43.41609323],[-1.61161483,43.41673956],[-1.61214049,43.41700464],[-1.61297521,43.41720787],[-1.61321854,43.41711278],[-1.61392711,43.41709969],[-1.61423848,43.41719005],[-1.61614138,43.41740898],[-1.61660099,43.41762097],[-1.61755615,43.41829215],[-1.61778122,43.41878541],[-1.61889575,43.41893159],[-1.61980804,43.41920716],[-1.61968109,43.41976591],[-1.61985918,43.42035129],[-1.61983234,43.42043264],[-1.62007722,43.42071057],[-1.62021842,43.42108304],[-1.62029792,43.42176455],[-1.61885184,43.42334029],[-1.61858091,43.42373846],[-1.61846189,43.42414998],[-1.61822117,43.42438555],[-1.61725282,43.42455214],[-1.61434808,43.42527173],[-1.61375143,43.42554049],[-1.61349348,43.42582364],[-1.61326999,43.4258584],[-1.61331849,43.42600053],[-1.61323,43.42613047],[-1.61146356,43.42615168],[-1.61123224,43.42635079],[-1.61044064,43.42650167],[-1.61074806,43.42632636],[-1.61117863,43.426299],[-1.61124031,43.42614317],[-1.61058946,43.42604474],[-1.61033069,43.42605576],[-1.60993557,43.42621679],[-1.60986891,43.42615654],[-1.60930703,43.42639676],[-1.60862824,43.42702947],[-1.60850023,43.42703672]]]]},"geometry_name":"geometrie","properties":{"cleabs":"IRIS____0000000642490000","code_insee":"64249","nom_commune":"Guéthary","iris":"0000","code_iris":"642490000","nom_iris":"Guéthary","type_iris":"Z"}},{"type":"Feature","id":"contours_iris.36606","geometry":{"type":"MultiPolygon","coordinates":[[[[-1.42247431,43.57536853],[-1.42308126,43.57463998],[-1.42346793,43.5737555],[-1.42341696,43.57360889],[-1.42272533,43.57348028],[-1.42289305,43.57311568],[-1.42307774,43.57316402],[-1.42335772,43.57293723],[-1.42385083,43.57213131],[-1.42390861,43.57172344],[-1.4236751,43.57174918],[-1.42367769,43.57162201],[-1.42391345,43.57101493],[-1.42432296,43.57071616],[-1.42502774,43.57048556],[-1.42561461,43.56991552],[-1.42570632,43.56991538],[-1.42581362,43.57021379],[-1.42593105,43.57027389],[-1.42630809,43.57026121],[-1.42640385,43.57018521],[-1.42631835,43.57004091],[-1.42603121,43.56993367],[-1.42635887,43.56989146],[-1.4266634,43.56975828],[-1.42695258,43.56949055],[-1.42709446,43.56922523],[-1.42695899,43.56907576],[-1.42630664,43.5687329],[-1.42640556,43.56847293],[-1.4263393,43.56817645],[-1.42669545,43.56789337],[-1.42688861,43.56755386],[-1.42684663,43.56713834],[-1.42670783,43.56694575],[-1.42675333,43.56676456],[-1.42631428,43.56651934],[-1.42628162,43.5659998],[-1.42617768,43.56587338],[-1.42474226,43.56472889],[-1.42495216,43.56455812],[-1.42529061,43.56457586],[-1.42607076,43.56490539],[-1.42701305,43.56516793],[-1.42773466,43.5646104],[-1.42809409,43.56382433],[-1.42734719,43.56230393],[-1.42731738,43.5621907],[-1.42747757,43.56201835],[-1.42748906,43.56162137],[-1.42847602,43.559959],[-1.42879471,43.55959273],[-1.42910505,43.55959989],[-1.42982209,43.55901639],[-1.42988874,43.55870818],[-1.43020321,43.55839976],[-1.43043906,43.55763496],[-1.43011125,43.55716082],[-1.43004105,43.55682936],[-1.43047025,43.55619364],[-1.43085534,43.55583727],[-1.43107185,43.55519131],[-1.43092125,43.55489377],[-1.4312227,43.55391992],[-1.43051692,43.5537496],[-1.43062818,43.55345759],[-1.43011445,43.55333529],[-1.43033776,43.55285757],[-1.43048866,43.55287033],[-1.43099114,43.55169182],[-1.42681652,43.55096386],[-1.42601766,43.55069458],[-1.42670826,43.54975353],[-1.42773321,43.54890696],[-1.42817309,43.54879528],[-1.42918582,43.5487377],[-1.43035083,43.54839003],[-1.43047485,43.54810291],[-1.4306701,43.54806429],[-1.43096468,43.54775578],[-1.43118555,43.54711865],[-1.43167362,43.54681304],[-1.43174727,43.54661178],[-1.432673,43.54566919],[-1.43281731,43.54506763],[-1.43280445,43.54456441],[-1.43212585,43.54365406],[-1.43147708,43.54357874],[-1.43162051,43.54330253],[-1.43171724,43.54224514],[-1.43152577,43.54202768],[-1.43199415,43.54122724],[-1.43203201,43.54065887],[-1.43177019,43.54023613],[-1.4319215,43.5395649],[-1.43315744,43.53912778],[-1.43309738,43.53854269],[-1.43391985,43.53844598],[-1.43564725,43.53840597],[-1.43594439,43.53841994],[-1.43649086,43.53861476],[-1.4369202,43.5389126],[-1.43787408,43.53934576],[-1.44003013,43.5400424],[-1.44226327,43.54157391],[-1.44255536,43.54166647],[-1.44286075,43.5420748],[-1.44312985,43.5421584],[-1.44344461,43.54214369],[-1.44432533,43.54259062],[-1.44498507,43.54271137],[-1.44548478,43.54262149],[-1.44682387,43.54333978],[-1.44748275,43.54341729],[-1.4478162,43.5435478],[-1.44849989,43.54407307],[-1.44856956,43.54493983],[-1.44933646,43.54537156],[-1.45005228,43.54629471],[-1.45028395,43.54672587],[-1.45092709,43.54738256],[-1.45104824,43.54747491],[-1.45131533,43.54751622],[-1.45151145,43.54769651],[-1.45167642,43.54811418],[-1.45229373,43.54877282],[-1.45242703,43.54937293],[-1.45291626,43.5497061],[-1.45327527,43.55014915],[-1.45316326,43.5505737],[-1.45571671,43.55505486],[-1.46606161,43.55926773],[-1.46936384,43.56060064],[-1.47082505,43.56127038],[-1.47725216,43.56381518],[-1.48153632,43.56565333],[-1.48344532,43.56656216],[-1.49368839,43.57048031],[-1.49343345,43.57100726],[-1.49266298,43.57196291],[-1.49226134,43.57267437],[-1.49082296,43.57459851],[-1.49046222,43.57496221],[-1.48943368,43.57643859],[-1.48878592,43.5776649],[-1.48685787,43.58011482],[-1.48560139,43.58226117],[-1.48374248,43.58448918],[-1.48263682,43.5864265],[-1.4590237,43.58141997],[-1.45325347,43.58010059],[-1.44941807,43.57933423],[-1.4490568,43.57919945],[-1.44330484,43.57798155],[-1.44076104,43.57764322],[-1.43307838,43.57859182],[-1.4345806,43.57767612],[-1.43193584,43.57736153],[-1.43007799,43.57689941],[-1.43041734,43.57651067],[-1.42988472,43.5762909],[-1.42422696,43.57546469],[-1.42247431,43.57536853]]]]},"geometry_name":"geometrie","properties":{"cleabs":"IRIS____0000000402090000","code_insee":"40209","nom_commune":"Ondres","iris":"0000","code_iris":"402090000","nom_iris":"Ondres","type_iris":"Z"}},{"type":"Feature","id":"contours_iris.42946","geometry":{"type":"MultiPolygon","coordinates":[[[[-1.4668605,43.47164557],[-1.46672459,43.47199811],[-1.46720191,43.47207395],[-1.4674555,43.47229598],[-1.46759307,43.47264895],[-1.46722103,43.4731473],[-1.46665824,43.47343634],[-1.46660173,43.47382345],[-1.46688265,43.47463549],[-1.46618542,43.47504182],[-1.46643645,43.47527837],[-1.46785453,43.47616968],[-1.46782672,43.47622579],[-1.46742353,43.47648302],[-1.46721799,43.47651313],[-1.46639079,43.47625077],[-1.46595564,43.47668593],[-1.46555009,43.4767378],[-1.46372461,43.47776914],[-1.46309646,43.47831677],[-1.46268209,43.47849425],[-1.46245877,43.47885308],[-1.46196192,43.47921147],[-1.46127903,43.47938919],[-1.46110043,43.47963895],[-1.46083775,43.47974618],[-1.46043046,43.47969627],[-1.46029541,43.47986944],[-1.46046549,43.47995616],[-1.46003885,43.48024676],[-1.46005946,43.48033693],[-1.45993417,43.48038084],[-1.45950418,43.48007053],[-1.45914453,43.47993305],[-1.45911508,43.47984054],[-1.45842541,43.47951659],[-1.45897723,43.47914875],[-1.45790901,43.47785365],[-1.45634059,43.47837235],[-1.45555743,43.47764042],[-1.45494177,43.47673849],[-1.45427172,43.47610823],[-1.45432172,43.47515729],[-1.45394592,43.47477896],[-1.45349729,43.47496141],[-1.45110676,43.47536155],[-1.4509524,43.47522191],[-1.45016255,43.4755202],[-1.45024105,43.47560708],[-1.44894475,43.47618839],[-1.44682447,43.47773075],[-1.44625981,43.47831713],[-1.44624301,43.47849985],[-1.44520309,43.47879754],[-1.44530003,43.47913869],[-1.44568169,43.4790176],[-1.4458272,43.47921888],[-1.44577295,43.47955722],[-1.44551141,43.4795995],[-1.44544112,43.47974656],[-1.44512967,43.47991163],[-1.4450946,43.48005004],[-1.44536463,43.48018133],[-1.44569166,43.48053737],[-1.44583198,43.4812471],[-1.4449271,43.48124368],[-1.44482162,43.48143184],[-1.44489552,43.48176312],[-1.44247116,43.48198602],[-1.44270451,43.4814511],[-1.44220827,43.48114705],[-1.4418562,43.481011],[-1.44177056,43.48103975],[-1.44145858,43.48143821],[-1.44129334,43.48123773],[-1.4407977,43.48103728],[-1.44102914,43.48076557],[-1.44078105,43.48037384],[-1.44074297,43.47978518],[-1.44076647,43.47924084],[-1.44100002,43.47862842],[-1.44098778,43.47818197],[-1.44059221,43.47770709],[-1.43991601,43.47736355],[-1.43884347,43.47663075],[-1.43787825,43.47538082],[-1.43598999,43.47241603],[-1.43497246,43.47047077],[-1.43520707,43.47008],[-1.43498411,43.46829774],[-1.43022462,43.46497736],[-1.42926037,43.46453742],[-1.42887058,43.46418301],[-1.42848685,43.46405182],[-1.42781912,43.46363849],[-1.4271577,43.46348351],[-1.42549397,43.46330912],[-1.42256112,43.46286305],[-1.42228867,43.46260205],[-1.42216836,43.46221228],[-1.42224044,43.46191108],[-1.42237525,43.46178213],[-1.42311493,43.46152394],[-1.42342921,43.46117139],[-1.42372833,43.46116819],[-1.42414945,43.46104645],[-1.42477121,43.46051013],[-1.42526861,43.45951573],[-1.42530408,43.4589484],[-1.42525512,43.45869809],[-1.42468148,43.4580277],[-1.42432744,43.45784753],[-1.42358063,43.45773927],[-1.42302019,43.45603478],[-1.42272296,43.45467998],[-1.42211692,43.45371624],[-1.42215331,43.4533372],[-1.42188877,43.45187654],[-1.42154641,43.45057765],[-1.42170991,43.44805696],[-1.42158864,43.44691484],[-1.42252341,43.44488708],[-1.42319993,43.44366641],[-1.42717787,43.44446346],[-1.42827545,43.44463212],[-1.43012038,43.44475758],[-1.43223849,43.44507367],[-1.43437716,43.44567182],[-1.43645995,43.44609019],[-1.43803719,43.44627154],[-1.44069463,43.44636352],[-1.44175032,43.44741323],[-1.44219188,43.44771771],[-1.4430186,43.4486047],[-1.44376845,43.44920108],[-1.44676827,43.45211732],[-1.45243456,43.45473734],[-1.45430494,43.45552097],[-1.45450649,43.45596683],[-1.4554265,43.45648947],[-1.45639019,43.4578303],[-1.45631791,43.4582541],[-1.45664349,43.45902286],[-1.4559717,43.4592929],[-1.4554611,43.46004652],[-1.45463537,43.46077254],[-1.45370752,43.46176137],[-1.45197427,43.46405928],[-1.45209497,43.46472294],[-1.4522591,43.46497301],[-1.45316283,43.4656991],[-1.45340526,43.46598559],[-1.45415351,43.46722719],[-1.45541479,43.46819176],[-1.45600471,43.46810892],[-1.45712175,43.46923891],[-1.45783138,43.46919979],[-1.45817633,43.46937212],[-1.45848285,43.47000561],[-1.45871313,43.47019888],[-1.45874693,43.47010828],[-1.46131492,43.4705468],[-1.46401543,43.47124113],[-1.46540173,43.4709614],[-1.46660154,43.47164094],[-1.4668605,43.47164557]]]]},"geometry_name":"geometrie","properties":{"cleabs":"IRIS____0000000644960000","code_insee":"64496","nom_commune":"Saint-Pierre-d'Irube","iris":"0000","code_iris":"644960000","nom_iris":"Saint-Pierre-d'Irube","type_iris":"Z"}}],"totalFeatures":75,"numberMatched":75,"numberReturned":75,"timeStamp":"2026-08-27T12:29:56.542Z","crs":{"type":"name","properties":{"name":"urn:ogc:def:crs:EPSG::4326"}}}